Location,Location in Genome release 37 (hg19),Location in Genome release 38 (hg38),DNA Modifications,Protein or mRNA Variants,References & population frequency,Source,Amino acid conservation & comments,SIFT prediction,PolyPhen2 prediction,Splicing Prediction,Additional variants in other genes,Notes
5'UTR,X:153640060-153640061,X:154411724-154411725,c.-119 (or '-121_-119) insert/del T,,ExAC 5786/6746 alleles; 3249 homozy; 1111 hemizy,ClinVar,,,,,,Benign
5'UTR,X:153640093,X:154411756,c.-88G > C,,ExAC 28/6688; 13 hemizyg; Ref. 4; Ref. 14,ClinVar Jun 2016,,,,,,
5'UTR,X:153640097 ,X:154411760,c.-84C>G,,,,,,,,,
5'UTR,X:153640102 - 153640103,X:154411765,c.-79_-78insG,,,,,,,,,
5'UTR,X:153640107 ,X:154411770,c.-74C>A,,ExAC A=0.000037,,,,,,,
5'UTR,X:153640129 ,X:154411792,c.-52C>T,,,,,,,,,
5'UTR,X:153640129 - 153640130,X:154411792-154411794,c.-52_-50delCCCinsCC;  or delCCCinsTT,,,,,,,,,
5'UTR,X:153640130 ,X:154411793,c.-51C>T,,,,,,,,,
5'UTR,X:153640133 ,X:154411796,c.-48A>C,,ExAC C=0.000013,,,,,,,
5'UTR,X:153640138,X:154411801,c.-43C>T,,ExAC South Asian 1/7181; 0 hemizyg,,,,,,,
5'UTR  ,X:153640142,X:154411805,c.-39C>T,,ExAC 3/7415; East Asian 3/223; 0 hemizyg,,,,,,,
5'UTR,X:153640145 ,X:154411808,c.-36G>C,,TGP MAF C=0.0005/2,,,,,,,
5'UTR,X:153640146 ,X:154411809,"c.-35G>A, C, T",,ExAC 1/7832,,,,,,,
5'UTR,X:153640159,X:154411822,c.-22delG,,SNP MAF n/a,,,,,,,
5'UTR,X:153640164,X:154411827,c.-17C>T,,SNP MAF n/a,ClinVar Mar 2011,,,,,,Likely benign
5'UTR,X:153640168,X:154411831,c.-13G>A;  c.-13G>C,,ExAC  A=0.0000089;  C=0.000017;  G=0.9999,,,,,,,
5'UTR  ,X:153640173,X:154411836,c.-8G>C,,ExAC  C=0.0000087,,,,,,,
5'UTR,X:153640177,X:154411840,c.-4G>A,,ExAC  A=0.0000086,,,,,,,
Exon 1,X:153640181 ,X:154411844,c.1A>T,p.Met1Leu,,sequencing error?,,,,,,Not in ExAC
Exon 1,X:153640182 ,X:154411845,c.2T>G,p.Met1Arg,,sequencing error?,,,,,,Not in ExAC
Exon 1,X:153640192,X:154411855,c.12C>A,p.His4Gln,ExAC 1/28980 (Afr 1/2816); 0 hemizyg,,mammals highly conserved,Tolerated; 0.4,0.018,No Splicing effect predicted,,
Exon 1,X:153640198,X:154411861,c.18G>T,p.Lys6Asn,gnomad exomes; Eur (non-Finn) female 2/101216,,mammals highly conserved,Tolerated; 0.16,0.991,No Splicing effect predicted,,
Exon 1,X:153640197 - 153640198,X:154411861-154411860,c.17_18insA ,p.Trp7Valfs,,,,,,,,Not found in ClinVar
Exon 1,X:153640200,X:154411863,c.20G>C,p.Trp7Ser,Gnomad exomes; East Asian female 1/101706,,vertebrates 100%,None tolerated; 0,0.994,No Splicing effect predicted,,
Exon 1,X:153640201,X:154411864,c.21G>T,p.Trp7Cys,ExAC 1/34030; 0 hemizyg,,vertebrates 100%,None tolerated; 0,0.996,No Splicing effect predicted,,
Exon 1,X:153640202,X:154411865,c.22C>T,p.Pro8Ser,ExAC 1/34565; 0 hemizyg,,vertebrates 100%,Tolerated; 0.07,0.996,No Splicing effect predicted,,
Exon 1,X:153640208,X:154411871,c.28C>T,p.Pro10Ser,SNP MAF n/a,,vertebrates 100%,None tolerated; 0,0.996,No Splicing effect predicted,,
Exon 1,X:153640209,X:154411872,c.29C>G,p.Pro10Arg,ExAC G=0.0000083,ClinVar Jul 2019,vertebrates 100%,None tolerated; 0,,,,
Exon 1,X:153640212,X:154411875,c.32C>T,p.Ala11Val,gnomad exomes; Latino male 1/53317,,,Tolerated,benign,,,
Exon 1,X:153640213,X:154411876,c.33G>C,p.Ala11=,gnomad exomes; Eur Finnish female 2/104912; male 1/53787,,,,,,,
Exon 1,X-153640225,X:154411888,c.45C>T,p.Leu15=,gnomad exomes; Afr female  1/107408,,,,,,,
Exon 1,X:153640228,X:154411891,c.48C>G   ,p.Thr16=       [+ MYBPC3 VUS],gnomad exomes & genomes;  African male 2/64971; female 1/121678,ClinVar Jul 2010,,,,,MYBPC3 NM_000256.3 c.3677G>; p.Arg1226Leu  ClinVar Oct 2013   VUS  Allele ID 51902  rs397516034,Likely benign
Exon 1,X:153640234,X:154411897,c.54C>T,p.Thr18=,SNP MAF n/a,,,,,,,
Exon 1,X:153640242,X:154411905,c.62G>T  ,p.Ser21Ile,SNP MAF n/a (2015),,vertebrates 100%,None tolerated; 0,0.991,Improved donor score,,not in ExAC & ClinVar
Exon 1,X:153640249,X:154411912,c.69C>T,p.Val23=,gnomad exomes; Latino female 2/109440,ClinVar Apr 2017,,,,No Splicing effect predicted,,
Exon 1,X:153640259,X:154411922,c.79T>C,p.Leu27=,"gnomad exomes; Ashk Jew 4, other 1;  Ashk Jew male 1/58495; female 3/109778",,,,,No Splicing effect predicted,,
Exon 1,X-153640270,X:154411933,c.90C>G,p.Thr30=,gnomad exomes; Latino female 1/109562,,,,,,,
Exon 1,X-153640282,X:154411945,c.102C>G,p.Phe34Leu,gnomad exomes; Eur (non-Finn) female 1/109288,,,Tolerated,benign,,,
Exon 1,X:153640288,X:154411951,c.108C>T,p.Thr36=,,ClinVar Sept 2017,,,,,,Germline; Report included
Intron 1,X:153640304,X:154411967,c.109+15G>A,,ExAC 3/51521; Latino 3/6415; 0 hemizyg,,,,,,,listed as in DNase1L1
Intron 1,X:153640317,X:154411980,c.109+28C>T [p.Pro46Leu in NM_001303465 TAZ var 5],,Ref. 83 ,ClinVar May 2012,,,,,,Likely benign
Intron 1,X:153640406,X:154412069,c.110-17 C>T,,ExAC 13463/67113; 4540 homozyg; 1127 hemizyg,ClinVar Mar 2011,,,,mRNA study: no effect on splicing,,Benign
Intron 1,X:153640417 ,X:154412080,c.110-6C>G,,gnomad exomes; Eur (non-Finn); hemizyg 1/63541,,,,,No significant effect,,
Intron 1,X:153640417 ,X:154412080,c.110-6C>T,,gnomad exomes & genomes; Eur (non-Finn) female 4/127428,ClinVar,,,,No significant effect,,
Intron 1,X:153640418 ,X:154412081,c.110-5G>T,,gnomad exomes; Latino female 1/113516,,,,,Increased acceptor score,,
Exon 2,X:153640436,X:154412099,c.123C>T,p.His41=,gnomad exomes; Eur (non-Finn) female 4/113700; male 2/63559,ClinVar Aug 2016,,,,No Splicing effect predicted,,
Exon 2,X:153640460,X:154412123,c.147G>A,p.Val49=,gnomad exomes; Eur (non-Finn) male 1/60721,,,,,No Splicing effect predicted,,
Exon 2,X-153640499,X:154412156,C>G,p.Pro62=,gnomad exomes; Eur (non-Finn) female 1/109478,,,,,,,
Exon 2,X:153640511,X:154412174,c.198G>A,p.Val66=,ExAC 1/44752; 0 hemizyg,,,,,No significant effect,,
Exon 2,X:153640529,X:154412192,c.216C>T,p.Cys72=,not in ExAC,ClinVar Feb 2018,,,,,,Germline; not in ExAC
Exon 2,X:153640544,X:154412207,c.231T>C,p.His77=,gnomad  Eur (non-Finn) female 1/104372,ClinVar Oct 2016,,,,No significant effect,,
Intron 2,X:153640557,X:154412220,c.238+6C>T,,ExAC 1/35235; 0 hemizyg,,,,,increased donor score,,
Intron 2,X:153640561,,c.238+10C>A,,gnomad genomic; Afr male 1/5954 ,,,,,,,
Intron 2,X:153640562,X:154412225,c.238+11C>G,,,ClinVar May 2018; GeneDX 2018/2019,,,,,,
Intron 2,X:153640577,,c.238+26G>C,,gnomad exomes; Eur (non-Finn)  female 1/95524,,,,,,,
Intron 2,X:153641517,X:154413180,c.239-267G>A,,gnomad exomes & genomic;  Afr female 40/18996; 7 hemizygotes ,,,,,,,
Intron 2,X:153641538,X:154413201,c.239-6delC,,,ClinVar Mar 2016; GeneDX ,,,,,,not in ExAC
Intron 2,X:153641538,X:154413201,c.239-6C>T,,gnomad exomes only; Eur (non-Finn) male 1/67724,ClinVar Mar 2018; GeneDX,,,,,,
Intron 2,X:153641541,,c.239-3T>A,,gnomad exomes only; South Asian male 1/67752,,,,,,,
exon 3,X:153641545,X:154413208,c.240G>T,p.Gly80=,gnomad exomes; Eur (non-Finn) female 1/115352,,,,,,,
Exon 3,X:153641545,X:154413208,c.240G>A,p.Gly80=,ExAC 1/86083; 1 hemizyg,,,,,Splicing minimal change,,Not in ClinVar
exon 3,X:153641555,,c.250C>T,p.Leu84Phe,gnomad exomes; Eur (non-Finn) male 1/67775,,,Tolerated,benign,,,
exon 3,X:153641560,,c.255C>T,p.Arg85=,gnomad exomes; Eur (non-Finn) male 1/67768,,,,,,,
Exon 3,X:153641572,X:154413235,c.267C>T,p.Asn89=,ExAC 4/85480; 1 hemizyg,,,,,SplicingPort acceptor score reduced; donor site lost,,
Exon 3,X:153641575,X:154413238,c.270G>A,p.Leu90=,ExAC 4/85284;  0 hemizyg,,,,,SplicingPort acceptor reduced; donor reduced,,
Intron 3,X:153641619,X:154413282,c.284+30C>T,,"ExAC 429/71166; 1 homozyg, 154 hemizyg;  Ref.4: 2 cases",,,,,,,
Exon 4,X:153641855,X:154413518,c.321G>A,p.Glu107=,NHLBI Exome AA  1/3834;  EA  0;  ,ClinVar; Jul 2016,,,,SplicingPort:  no significant changes,,
Exon 4   ,X:153641865,X:154413528,c.331C>T ,p.His111Tyr  [+ MYH7 path/VUS in a patient],gnomad exomes & genomic; Eur (non-Finn) female 5/129400; male 1/75968 ,ClinVar; Nov 2013,vertebrates low conservation ,All tolerated; 1,benign  0.209,Acceptor improved; donor slight increase,MYH7 NM_000257 c.1106G>A; p.Arg369Gln. ClinVar Oct 2014  likely path/ VUS Allele ID 175646  rs397516089,Likely benign
Exon 4,X:153641885,X:154413548,c.351G>A,p.Lys117=,gnomad exomes & genomic; Eur (non-Finn) femle 2/129370; male 2/75829,,,,,SplicingPort acceptor reduced; donor already high score increased,,
intron 4,X:153641922,,c370+18C>T,,gnomad exomes & genomic; Afr male 1/75069/; Afr female 1/129148; South Asian female 1/129148; Eur (non-Finn) female 1/129148,,,,,,,
Intron 4,X:153642166,X:154413829,c.370+262A>C,,Ref. 4,,,,,,,
Intron 4,X:153642236,X:154413899,c.370+332G>A  = c.371-202,,Ref. 4 freq = 0.4% ,,,,,,,
Intron 4,X:153642297,X:154413960,c.371-141G>A,,Ref. 4 ,,,,,,,
intron 4,X:153642422,X:154414085,c.371-16G>T,,,ClinVar May 2017,,,,,,
intron 4,X:153642432,X:154414095,c.371-6C>A,,gnomad genomic; Eur (non-Finn) 1/73406,,Splicing region,,,,,
Exon 5    ,,X:154413944 - 154414116,,,,,,,,,,MIR repetitive DNA 173 bp
Exon 5    ,X:153642438 ,X:154414101,c.371G>A,p.Gly124Glu,gnomad exomes;  East Asian male 1/66233,,,,,Significantly reduced acceptor score,,
Exon 5    ,X:153642450,X:154414113,c.383T>C,p.Phe128Ser,gnomad exomes & genomic; mostly Afr female 892; male 291 cases,ClinVar 2015,only in higher primates,All tolerated; 0.73,0.01,SplicingPort  lousy acceptor improved; donor slight reduction,,Benign
Exon 5    ,X-153642470,X:154414133,c.403A>G,p.Lys135Glu,gnomad genomes; Afr male 1/67167,,,Tolerated; low confidence,benign,,,
Exon 5,X:153642472,X:154414135,c.405A>G,p.Lys135=,Ref. 4,,,,,SplicingPort: ex5 poor acceptor is worse;  donor reduced,,
Exon 5,X:153642474,X:154414137,c.407G>T,p.Gly136Val,gnomad exomes;  Latino; male 2/67128; female 1/115420,ClinVar 2017; LMM ,100% conserved in primates,Tolerated 0.13,0.867,Poor acceptor score reduced; donor some reduction,,
Exon 5,X:153642486,X:154414149,c.419C>T,p.Thr140Ile,gnomad exomes;  Eur (non-Finn) female 1/115374,ClinVar Mar 2019,,Tolerated; low confidence,benign,,,
Exon 5,X:153642487,X:154414150,A>G,p.Thr140=,gnomad exomes;  Latino female 2/115390,,,,,,,
Exon 5,X:153642503,X:154414166,c.436G>C,p.Gly146Arg,gnomad exomes;  Eur (non-Finn)  female 1/115266,,,Tolerated; low confidence,benign,,,
Exon 5,X:153642503,X:154414166,c.436G>A,p.Gly146Arg,gnomad exomes; Eur (non-Finn) female 1/115266,,100% primates but missing in Saimiri,Tolerated; low confidence,benign,,,
Exon 5,X:153642504,X:154414167,c.437G>T,p.Gly146Val,"gnomad exomes & genomic;  1 exome, 1 genomic; Afr female 2/129176",,100% in primates except Callicebus,Tolerated; 0.09,0.05,Acceptor minimal improvement;  donor noted reduction,,
Exon 5,X:153642509,X:154414172,c.442G>A,p.Gly148Arg,ExAC 1/76588;  0 hemizyg,,100% primates but missing in Saimiri,All tolerated; 0.03,0.0,Both acceptor and donor scores much reduced,,
Exon 5,X:153642523,X:154414186,c.456G>C,p.Glu152Asp,gnomad exomes; Eur (non-Finn) female 1/114936,,100% primates but missing in Saimiri & Callithrix,All tolerated; 0.006,0.006,Low acceptor score same;  donor improved,,
intron 5,X:153642528,,c.460+1G>A,,gnomad exomes; Afr female 1/114754,ClinVar,,p.LOF high confidence,,,,
intron 5,X:153642532,,c.460+5G>A,,gnomad exomes; Eur (non-Finn) female 1/114264,,,,,Splicing region,,
Intron 5,X:153645605 ,X:154417266,"c.461-2,277G > C",,Ref.26 isol. JK_785_A+    Afr,,,,,,,
Intron 5,X:153645713,X:154417374,"c.461-2,169G > T",,Ref.26 isol. JK_1029_B    Afr,,,,,,,
Intron 5,X:153645842,X:154417503,"c.461-2,040A > C",,Ref.26 isol. SHO_49_A-    Afr,,,,,,,
Intron 5,X:153646292,X:154417953,"c.461-1,590A > G",,Ref.26 isol. DKT_275_A+   Af-Am,,,,,,,
Intron 5,X:153647141 ,X:154418803,c.461-740G > A,,Ref.26 isol. SHO_30_B    Afr,,,,,,,
Intron 5,X:153647836,X:154419497,c.461-46C > T,,ExAC  378/86209; NHLBI Exome 4.7% Afr-Am,ClinVar; GeneDX 2019,,,,,,GeneDX 2019
Intron 5,X:153647867,,c.461-15G>A,,gnomad exomes; South Asian male 1/67866,,,,,,,
Intron 5,X:153647875,X:154419536,c.461-7C>T,,gnomad exomes; Eur (non-Finn) female 1/115564,,,,,,,
Exon 6,X:153647889,X:154419550,c.468C>T,p.Gly156=,gnomad exomes & genomic;  Eur non-Finn & other female 4/129436,,,,,,,Not in ClinVar
Exon 6,X:153647890 ,X:154419551,c.469G>A,p.Val157Ile,,,100 % cons vertebrates & inverts,Tolerated,,No significant scores change,,See VUS tab; see gnomad; not in ClinVar
Exon 6,X:153647901,X:154419562,c.480G>A,p.Lys160=,ExAC A=0.0000082,,,,,No significant scores change,,
Exon 6,X:153647917,,c.497T>C,p.Leu166=,gnomad exomes;  Eur (non-Finn) female 1/115560,,,,,,,
Exon 6,X:153647925,X:154419586,c.504G>A,p.Lys168=,Not in ExAC,ClinVar; Jun 2016,,,,No significant scores change,,
Exon 6,X:153647931,X:154419592,c.510C>T,p.Asn170=,gnomad exomes; Eur (non-Finn) female 7/115564;  male 2/67931 ,,,,,SplicingPort acceptor about =; donor reduced,,
Exon 6,X:153647955,X:154419616,c.534C>T,p.Phe178=,gnomad exomes; Eur (non-Finn) female 2/115572,,,,,SplicingPort signals slight reduction,,
Intron 6,X:153647970,X:154419631,c.541+8G>A,intron Splicing region,ExAC 1/87619; 1 hemizyg,,,,,Scores not changed,,
Intron 6 ,X:153648024,X:154419685,c.542-20C>T,intron Splicing region,ExAC 38/87563;  Ref. 83 ,ClinVar; Apr 2013,,,,,,Benign
Intron 6,X:153648025,X:154419686,c.542-19C>G,,ExAC  G=0.0000164,,,,,,,
Intron 6,X:153648028 ,X:154419689,c.542-16T>C,,ExAC  C=0.0000164,,,,,,,
Intron 6,X:153648041,X:154419702,c.542-3C>T,intron Splicing region,ExAC 1/87499,,,,,Score for acceptor 7 reduced,,
Exon 7,X:153648045,X:154419706,c.543G>A,p.Gly181= & Splicing region,Gnomad exomes & genomic; East Asian female 13/129480; male 7/75876,ClinVar Nov 2017,,,,SplicingPort both signals increased,,
exon 7,X:153648059,,c.557G>A,p.Ser186Asn,gnomad exomes; Eur (non-Finn) female 1/115562,,,Tolerated,benign,,,
Exon 7,X:153648063,X:154419724,c.561 C>T   ,p.Ser187=,SNP 74C/2T homozyygote,,,,,SplicingPort acceptor small reduction;  donor abolished,,
Exon 7,X:153648069,X:154419730,c.567C>T     ,p.Phe189=,"gnomad exomes & genomic; Afr, Latino female 4/129468; male 2/75889",,,,,SplicingPort acceptor reduced; donor low score reduced further,,
Intron 7,X:153648091,X:154419752,c.583+6G>T,intron Splicing region,gnomad exomes; Latino female 1/115540,,,,,Scores for acceptor & donor 7 are significantly increased,,
Intron 7,X:153648095,X:154419756,c.583+10G>A,,gnomad  exomes & genomic; Eur (non-Finn) & Finn female 6/129450,ClinVar,,,,SplicingPort donor ex7 reduced 0.1 to 0.06; ,,
Intron 7,X:153648109,X:154419770,c.583+24A > T,,Ref. 4  freq = 0.4%. ExAC 2/86656;  2 hemi,,,,,,,
Intron 7,X:153648110,X:154419771,c.583+25C>T,,SNP-TGP  freq T=0.0003/1,,,,,,,
Intron 7,X:153648233 ,X:154419894,c.583+148G > A (c.584-138),,Ref.4 freq = 2.8%; TGP 4.3%; Ref.26 4/52,,,,,,,
Intron 7,X:153648364,X:154420025,c.584-7delT,,"gnomad exomes & genomic; Afr & Latino female 6/129470, male 6/75719",ClinVar Nov 2015,,,,,,
Exon 8,X:153648375,X:154420036,c.588C>T,p.Ile196=,Gnomad exomes; Eur (non-Finn) male 1/67940; female 1/115560,,,,,SplicingPort acceptor reducd;  low donor much reduced,,
Exon 8,X:153648378,X:154420039,c.591G>T    ,p.Gly197=,gnomad exomes & genomic;  Afr female 3/129468,,,,,SplicingPort acc slight reduction; donor increased,,
Exon 8,X:153648378,X:154420039,c.591G>A  ,p.Gly197=,gnomad exomes; South Asian male 1/67944,,,,,exon 8 donor score significantly increased,,
Exon 8,X:153648381,X:154420042,c.594C>A,p.Arg198=,,ClinVar Aug 2016,,,,exon 8 donor score significantly increased,,
Exon 8,X:153648381,X:154420042,c.494C>T,p.Arg198=,freq: (TOPMed) 0.00001,ClinVar,,,,,,
Exon 8,X:153648421,X:154420082,c.634C>T,p.Leu212=,gnomad exomes;  Eur (non-Finn) female 1/115560,ClinVar Jul 2011,,,,SplicingPort donor score much reduced,,
Exon 8,X:153648432,X:154420093,c.645C>T    ,p.Val215=,NHLBI Exome EA 1/6727  AA 0   zygosity?,,,,,SplicingPort  acceptor imcreased; donor negative reduced 0.159 to -0.037,,
Intron 8,X:153648441,X:154420102,c.646+8T>C,r.spl,gnomad exomes & genomic; Latino female 2/129452; male 1/75649,,,,,donor 8 score signif reduced,,
Intron 8,X:153648447,X:154420108,c.646+14C>T,,Ref. 83;  ExAC 74/87745; 17 hemizyg.,ClinVar Feb 2014,,,,SplicingPort both signals small reduction,,
Intron 8,X:153648509,X:154420170,c.647-42C >T (=c.646+76),,"ExAC most Afr 252/87731; 53 hemi, 2 homo; Ref. 4 freq 1%; Ref. 26 ",ClinVar,,,,,,Germline
intron 8,X:153648522,X:154420183,c.647-29C>T,,ExAC 40/87729; 12 hemizyg,,,,,,,
Exon 9,X:153648561,X:154420222,c.657C>T   ,p.Asp.219=,"gnomad exomes & genomic;  Afr, Eur (non-Finn) female 9 /129478; male 3/75514",ClinVar Mar 2008,,,,SplicingPort both signals slight reduction,,Likely benign
exon 9,X:153648562,X:154420223,c.658G>C,p.Val220Leu,gnomad exomes; Eur non-Finn 1/67895,,,Tolerated,benign,,,
exon 9,X:153648562,X:154420223,c.658G>A,p.Val220Ile,gnomad exomes; South Asian male 1/67895; female 1/115564,,,Tolerated,benign,,,
Exon 9,X:153648564,X:154420225,c.660C>T   ,p.Val220=,gnomad exomes;  Eur (non-Finn) male 1/67898,ClinVar Jul 2016 ,,,,SplicingPort all signals normal,,
exon 9,X:153648573,X:154420234,c.670C>T,p.Asn223=,gnomad exomes;  Eur (non-Finn) female 1/115566,,,,,,,
Exon 9 ,X:153648579,X:154420240,c.675G>A,p.Pro225=,"gnomad exomes & genomic; South Asian, few others, male 70/75576; female 56/129470",ClinVar Jun 2016,,,,SplicingPort both signals increeased,,Likely benign; germline
exon 9,X:153648586,X:154420247,c.682T>C,p.Phe228Leu,gnomad exomes;  Eur (non-Finn) male 1/67870,,mammals 100%; Other verts different,Tolerated,benign,Acceptor small reduction;  donor score reduced,,
Exon 9,X:153648594,X:154420255,c.690C>A,p.Arg230=,gnomad exomes; Afr male 1/67854,,,,,SplicingPort  acceptor increased; donor reduced,,
Exon 9,X:153648600 ,X:154420261,c.696A>G,p.Gly232=,gnomad exomes; Eur (non-Finn) male 1/67831,,,,,donor 9 score much reduced,,
Intron 9,X:153648613,X:154420274,c.699+10G>A,r.spl,gnomad exomes;  Eur (non-Finn) 1/115550,,,,,,,
Intron 9,X:153648620,X:154420281,c.699+17G>A,r.spl,gnomad exomes; South Asian male 1/67645,,,,,,,
Intron 9,X:153648622,X:154420283,c.699+19C>T,r.spl,ExAC 1/87686,,,,,,,
Intron 9,X:153648626,X:154420287,c.699+23C>T,r.spl,ESP T=1/C=10562; ExAC 2/87676,,,,,,,
Intron 9,X:153648627,X:154420288,c.699+24G>A,r.spl,ExAC: 1/87683,,,,,,,
Intron 9,X:153648628,X:154420289,c.699+25G>C,r.spl,ExAC: 1/87671,,,,,,,
Intron 9,X:153648950,X:154420611,c.700-47G>A,r.spl,ESP A=13/G=10550; ExAC 26/87507,,,,,,,
Intron 9,X:153648974 ,X:154420635,c.700-23C>A,r.spl,MAF ?,,,,,,,
Intron 9,X:153648983,X:154420644,c.700-14C>T,r.spl,"gnomad exomes; Eur (non-Finn), South Asian, male 2/67764",,,,,,,
Intron 9,X:153648992,X:154420653,c.700-5C>T,r.spl,gnomad exomes;  South Asian male 1/67845,ClinVar,,,,,,
Exon 10,X:153649012,X:154420673,c.715A>G,p.Ile239Val,Ref. 91,,Mammals 100% cons;  other verts: Val is 50%,Tolerated,,No Splicing effect predicted,"TTN NM_133378 c.604 A>G; p.Lys202Glu, VUS Not in ClinVar or SNP; 
MYH7 NM_000257 c.730 T>C; p.Phe244Leu.  ClinVar Aug 2013, Allele ID 179684 Pathogenic rs730880849","For cDNA, Numbering in abstract was for ∆5∆7"
Exon 10,X:153649014,X:154420675,c.717C>T,p.Ile239=,ExAC  1/87719;  0 hemizyg,,,,,SplicingPort  both signals reduced,,
exon 10,X:153649035,X:154420696,c.738G>A,p.Leu246=,,ClinVar; GeneDX 2019,,,,,,germline
Exon 10,X:153649044,X:154420705,c.747C>G,p.Leu249=,gnomad exomes;  Eur non-Finn & other females 7/115558; male 3/67897,ClinVar; Groningen Labs,freq  (TOPMed) 0.00010,,,SplicingPort both signals increased,,
Exon 10 ,X:153649044,X:154420705,c.747C>T,p.Leu249=,gnomad exomes;  East & South Asian females 13/115558; male 9/67897,,,,,SplicingPort  acc reduced 25%; donor score reduced 50%,,
Exon 10,X:153649045,X:154420706,c.748G>A,p.Glu250Lys,"gnomad exomes & genomic; Afr, Eur non-Finn female 2/129464; male 1/75355",,,Tolerated,benign,,,
Exon 10,X:153649059,X:154420720,c.762G>A,p.Ala254=,gnomad exomes & genomic; Eur non-Finn male 1/75325; female 1/129450,ClinVar; GeneDX 2018,,,,,,
Exon 10,X:153649068,X:154420729,c.771G>A,p.Lys257=,ExAC  1/87594;  0 hemizyg,,,,,SplicingPort  acc small reduction;  donor =,,
Exon 10,X:153649071,X:154420732,c.774G>A,p.Ser258=,ExAC  2/87562;  1 hemizyg,,,,,SplicingPort  both signals a bit increased,,
Intron 10,X:153649080,X:154420757,c.777+6T>C,r.spl,ExAC  C=0.00001647,,,,,Score f donor 10 drastically reduced,,
Intron 10,X:153649096 ,X:154420757,c.777+22C>A,r.spl,ExAC 1/86961,,,,,,,
Intron 10,X:153649097 ,X:154420758,c.777+23C>T,,ExAC 2/86909,,,,,,,
Intron 10,X:153649186 ,X:154420847,c.778-56G>A,,MAF TGP A=0.0003/1,,,,,,,
Intron 10,X:153649206 ,X:154420867,c.778-36C>T,,MAF n/a,,,,,,,
Intron 10,X:153649211,X:154420872,c.778-31G>A,,MAF n/a,,,,,,,
Intron 10,X:153649212,X:154420873,c.778-30G>A,,MAF n/a,,,,,,,
Intron 10,X:153649235,X:154420896,c.778-7C>G,,,,,,,,,Not in ExAC or ClinVar
Exon 11,X:153649254,X:154420915,c.791A>G     ,p.Lys264Arg. & TAZ exon 8  p.Gly197Glu pathogenic,Ref. 4,,mammals 100% cons,Tolerated; 0.07,0.696,Acceptor score increased,,
Exon 11,X:153649265,X:154420926,c.801G>A,p.Thr267=,"gnomad exomes; Latino, Eur (non-Finn) males 1/67219; female 2/115282",ClinVar; Invitae Oct 2017,,,,SplicingPort acceptor almost =,,
Exon 11,X:153649271 ,X:154420932,c.807C>A,p.Phe269Leu,gnomad exomes; Ashk Jew female 1/115348,,vertebrates 100 % cons,All tolerated,,Acceptor 11score  decreased,,
Exon 11,X:153649280,X:154420941,c.816G>A,p.Glu272=,gnomad exomes; Afr female 1/115406,,,,,SplicingPort acceptor increased,,
Exon 11,X:153649310,X:154420971,c.846G>A,p.Glu282=,gnomad exomes; Afr male 1/67222;  female 1/115452,,,,,SplicingPort  acceptor slight decrease,,
Exon 11,X:153649319 ,X:154420980,c.855C>T,p.His285=,ExAC  T=0.0000164,,,,,Splicing scores not affected,,
Exon 11,X:153649325,X:154420986,c.861C>A,p.His287Gln,gnomad exomes; East Asian females 1/115416,,mammals highly conserved; other verts not conserved,Tolerated; 0.56,benign,Acceptor =,,
Exon 11,X:153649337,X:154420998,c.873G>A,p.Gly291=,"gnomad exomes & genomic;  Eur (non-Finn), Latino, Finnish,various other females 468/129250;  males 254/74560",ClinVar Mar 2012,,same codon as rodent,,Acceptor score =,,Benign; reported by multiple labs
Exon 11,X:153649338,X:154420999,c.874A>G,p.Arg292Gly,ExAC 1/79087;  0 hemizyg,,mammals highly conserved; other verts not conserved,Not tolerated; 0,0.014,Splicing score not affected,,
3'UTR,X:153649368,X:154421029,25 b after Term   C>A,,ExAC 1/66337;  1 hemi.  ,,,,,,,
3'UTR,X:153659814,X:154421474,471 b after Term   C>G,,Freq: 8.6%,ClinVar Jun 2016,,,,,,
