,Location,Location in Genome release 37 (hg19),Location in Genome release 38 (hg38),Protein Variant Type,Impact of Variant,DNA Modifications,Protein or mRNA Variants,Functional outcome (MLCL/CL ratio),Taffazin Functional motifs,Method of Validation,References,Source,Additional variants in other genes,Location and Order of Discovery,Notes
0,Exon 1,X:153640189,X:154411852,Frameshift,,c.9_10dupG,p.His4Alafs*130,MLCL/CL elevated,,,Ref. 1 (Pat.1); Ref. 80;  Ref. 113,,,1-1,
1,Exon 1,X:153640197 - 153640198,X: 154411860 - 154411861,Frameshift,,c.18_22dup,p.Pro8fs*,,,,Ref. 140;  Ref.83,ClinVar,,1-12,
2,Exon 1,X:153640219_241,X:154411882_904,Frameshift,,c.39_60del22,p.Pro14Alafs*19,MLCL/CL elevated,,,Ref. 95 (Pat. 1),,"Mitochondrial: m.1555A>G in 12S rRNA, homoplasmic",1-11,
3,Exon 1,X:153640231,X:154411894,Nonsense,,c.51G>A     ,p.Trp17*,MLCL/CL elevated,,,Ref. 5; Ref. 80    ,,,1-2,
4,Exon 1,X:153640231,X:154411894,Nonsense,,c.51G>A    ,p.Trp17*,,,,Ref. 14; 119  ,,,1-3,
5,Exon 1,X:153640234,X:154411896,Frameshift,,c.53_54delCC,p.Leu19Glyfs*114,MLCL/CL elevated,,mRNA ,Ref. 3 (Pat.1); Ref. 17; Ref. 21 (Pat.11); Ref. 74,,,1-4,
6,Exon 1,X:153640262_64,X:154411925,Deletion,,c.82_84del GTG,p.Val28del,MLCL/CL elevated,,,Ref. 5; Ref. 74  ,,,1-6,
7,Exon 1,X:153640263,X:154411926,Missense,,c.83T>A       ,p.Val28Glu,,,SIFT 0; PPH 0.99,Ref. 75; Ref. 82,,,1-10,
8,Exon 1,X:153640266,X:154411929,Missense,,c.86G>A      ,p.Gly29Asp,,,SIFT 0; PPH 0.999,Ref. 68 (Pat.1),,,1-9,
9,Intron 1,X:153640263,X:154411953,Splicing,,c.109+1G>C  ,r.[109+1_+54ins]; p.Lys37Ser_Tyr38ins18,,,,"Ref. 45, (Pat. III- 1, Pat. III- 2, Pat. III- 3); Ref. 52",,,1-a,
10,Intron 1,X:153640263,X:154411953,Splicing,,c.109+1G>C   ,r.[109+1_+54ins]; p.Lys37Ser_Tyr38ins18,,,,Ref. 101; Ref 107 (Pat. TAZ 2),,,1-i,
11,Intron 1,X:153640267,X:154411957,Splicing,,c.109+5G>A  GTGAG>GTGAA,r.[109+1_+54ins]; p.Lys37Ser_Tyr38ins18,CL reduced,,mRNA tested: major product 18 addnl codons;   + minor prod exon1 Frameshift.,Ref. 3 (Pat. 2); Ref. 17; Ref. 21 (Pat. 5); Ref. 115,,,1-b,
12,Intron 1,X:153640267,X:154411957,Splicing,,c.109+5G>A   GTGAG>GTGAA,r.[109+1_+54ins]; p.Lys37Ser_Tyr38ins18  ,,,,Ref. 83,ClinVar,,1-k,
13,Intron 1,X:153640267,X:154411957,Splicing,,c.109+5G>C  GTGAG>GTGAC,r.[109+1_+54ins]; p.Lys37Ser_Tyr38ins18,CL reduced,,,Ref. 3(Pat. 3); Ref. 21 (Pat. 8); Ref. 27 (Pat. 2); Ref. 83,ClinVar Nov 1997,,1-c,
14,Intron 1,X:153640268,X:154411958,Splicing,,c.109+6T>C,r.spl,,,mRNA,Ref. 68  (Pat. 2),,,1-g,
15,Intron 1,X:153640268,X:154411958,Splicing,,c.109+6T>G,r.spl,MLCL/CL elevated,," Major product in frame, 18 intron 1 codons;  minor product lacks 28 exon 1 bp",Ref. 103 (Pat 2); Ref. 107 (Pat. TAZ 5); Ref. 113,,,1-j,
16,Intron 1,X:153640422,X:154412084,Frameshift,,c.110-2A>G      AG > GG,r.spl   Ex2del,MLCL/CL elevated,, Major prod del. exon 2 remains in frame; minor prod alt Splicing,Ref. 3 (Pat. 4); Ref. 4; Ref. 115,,,1-d,
17,Intron 1,X:153640422,X:154412084,Frameshift,,c.110-2A>G      AG > GG,r.spl   Ex2del,,,,Ref. 4,,,1-h,
18,Intron 1,X:153640422,X:154412084,Frameshift,,c.110-2A>G      AG > GG,r.spl   Ex2del ,,,,Ref. 6 (Pat. BSD);  Ref. 83 ,ClinVar 2001,,1-e,
19,Intron 1,X:153640422,X:154412084,Frameshift,,c.110-2A>G      AG > GG,r.spl   Ex2del ,,,,Ref. 83,ClinVar 2001,,1-l,
20,Intron 1,X:153640423,X:154412085,Frameshift,,c.110-1G>C      AG > AC,r.spl   Ex2del,MLCL/CL elevated,,,Ref. 7 (Pat. 2); Ref. 22 (Pat. 5); Ref. 116; Ref. 117,,,1-f,
21,Exon 2,X:153640431,X:154412094,Missense,,c.118A>G   ,p.Asn40Asp,MLCL elevated; CL normal in fresh blood,,SIFT 0.01;  PPH 0.27,Ref. 5; Ref. 79; Ref. 80  ,,,2-1,
22,Exon 2,X:153640437,X:154412100,Nonsense,,c.124delC    CTGA >TGA,p.Leu42*,MLCL/CL elevated,,,Ref. 4; Ref. 21 (Pat. 13); Ref. 74; Ref. 115 ,,,2-2,
23,Exon 2,X:153640437,X:154412100,Nonsense,,c.124delC    CTGA >TGA,p.Leu42*,CL reduced,,,Ref. 6 (Pat. BSH)  ,,,2-3,
24,Exon 2,X:153640440,X:154412103,Missense,,c.127A>C  ,p.Thr43Pro,,,SIFT 0.25; PPH 0.898,Ref. 41 ,,,2-4,
25,Exon 2,X: 153640441,X:154412104,Frameshift,,c.129del,p.Val44Cysfs*39,,,,Ref. 83,ClinVar,,2-51,
26,Exon 2,X:153640447_9,X:154412110_12,Frameshift,,c.134_136delinsCC,p.His45Profs*38,,,,"Ref. 97, (Pat. BTHS 5)",,,2-35,
27,Exon 2,X:153640450,X:154412113,Missense,,c.137A>T,p.Asn46Ile,MLCL/CL elevated,,,Ref. 20,,,2-50,
28,Exon 2,X:153640453_66,X:154412116_128,Frameshift,,c.140_152del13  [GGGAGGTGCTGTA]del,p.Arg47Thrfs*32,CL reduced,,mRNA,Ref. 2 (Pat. BM); Ref. 17; Ref. 21 (Pat. 7); Ref. 23 (Pat. 3); Ref. 74; Ref. 118 ,,,2-5,
29,Exon 2,X:153640456,X:154412119,Frameshift,,c.143delGG,p.Glu48Aspfs*85,MLCL/CL elevated,,,Ref. 70 (Pat. Fam 2),,,2-28,
30,Exon 2,X:153640458,X:154412121,Frameshift,,c.145delG,p.Val49Cysfs*34,,,,Ref. 83,ClinVar Jan 2016,"ACTN2 c.1426G>A, p.Ala476Thr VUS.  TTN p.Arg15807Lys, VUS",2-43,
31,Exon 2,X:153640462,X:154412125,Missense,,c.149T>C   ,p.Leu50Pro,,,SIFT 0; PPH 0.999,Ref. 15   ,,,2-6,
32,Exon 2,X:153640462,X:154412125,Missense,,c.149T>C    ,p.Leu50Pro,,,SIFT 0; PPH 0.999,Ref. 4  ,,,2-7,
33,Exon 2,X:153640462,X:154412125,Missense,,c.149T>C   ,p.Leu50Pro,MLCL/CL elevated,,SIFT 0; PPH 0.999,Ref. 38  (Pat. M.09.00436) ,,,2-8,
34,Exon 2,X:153640463,X:154412125,Missense,,c.149T>C   ,p.Leu50Pro,,,,Ref 20,,,2-55,
35,Exon 2,X:153640466,X:154412129,Nonsense,,c.153C>G  ,p.Tyr51*,MLCL/CL elevated,,,Ref. 40; Ref. 2 ( Pat. V22); Ref. 7 (Pat. 5); Ref. 22 (Pat. 1); Ref. 83; Ref. 115; Ref. 116; Ref. 117  ,ClinVar May 2004,,2-9,
36,Exon 2,X:153640466,X:154412129,Nonsense,,c.153C>G   ,p.Tyr51*,,,, Ref. 35,,,2-10,
37,Exon 2,X:153640466,X:154412129,Nonsense,,c.153C>G   ,p.Tyr51*,,,,Ref.129; Ref 83,ClinVar Jan 2019,,2-48,
38,Exon 2,X:153640467 ,X:154412130,Nonsense,,c.154G > T,p.Glu52*,,,,Ref. 83   ,ClinVar May 2013,,2-41,
39,Exon 2,X:153640469_70,X:154412133,Frameshift,,c.157dupC    CTC > CCTC,p.Leu53Profs*81(in exon 5 of FL),,,,Ref. 18; Ref. 107 (Pat. sporadic 1)  ,,,2-11,
40,Exon 2,X:153640470_74,X:154412134_38,Frameshift,,c.158_162del TCATC,p.Leu53Argfs*79 (in exon 5 of FL) ( fs118* in delta 5),MLCL/CL elevated,,,Ref. 80 (Pat. 8),,,2-31,
41,Exon 2,X:153640474,X:154412137,Missense,,c.161T>A  ,p.Ile54Asn,MLCL/CL elevated,,SIFT 0; PPH 0.998,Ref. 15; Ref. 115 ,,,2-12,
42,Exon 2,X:153640475,X:154412138,Missense,,c.162C>G,p.Ile54Met,,,SIFT & PP deleterious,Ref 120 (Different mutation at Ile54 has MLCL/CL confirmation),,,2-46,
43,Exon 2,X:153640476,X:154412139,Frameshift,,c.163G>T ,p.Glu55*,,,,Ref. 4 ,,,2-13,
44,Exon 2,X:153640477_491,X:154412140_154,Deletion (in frame),,c.164_178del15,p.Glu55Ala (delKRGP),MLCL/CL elevated,,,Ref. 20; Ref.130,,,2-45,
45,Exon 2,X:153640483,X:154412146,Missense,,c.170G>T   ,p.Arg57Leu,MLCL elevated; CL normal ,,SIFT 0; PPH 0.997,Ref. 7 (Pat. 1); Ref. 79; Ref. 88; Ref. 116; Ref. 118,,,2-14,
46,Exon 2,X:153640483,X:154412146,Missense,,c.170G>T ,p.Arg57Leu,CL reduced,,SIFT 0; PPH 0.997,Ref. 7 (Pat. 7); Ref 116; Ref. 117,,,2-15,
47,Exon 2,X:153640484,X:154412147,Frameshift,,c.171delA,p.Gly58Alafs*25,MLCL/CL elevated,, mRNA,Ref. 3 (Pat. 5); Ref. 17; Ref. 21 (Pat. 15); Ref. 27 (Pat. 3); Ref. 74; Ref. 115;  ,,,2-16,
48,Exon 2,X: 153640497,X: 154412160,Missense,,c.184C>T,p.Pro62Ser,,,,Ref. 83 ,ClinVar,,2-52,
49,Exon 2,X:153640498,X:154412161,Missense,,c.185C>T  ,c.Pro62Leu,,,SIFT 0; PPH 0.999,Ref. 14  ,,,2-17,
50,Exon 2,X:153640520,X:154412183,Missense,,c.207C>G   ,p.His69Gln,MLCL/CL elevated,1.0,SIFT 0; PPH 0.996,Ref. 2 (Pat. 3); Ref. 47; Ref. 80;  Ref. 88; Ref. 111; Ref. 115,,,2-18,
51,Exon 2,X:153640520,X:154412183,Missense,,c.207C>G    ,p.His69Gln,,1.0,SIFT 0; PPH 0.996,Ref. 20; Ref. 111,,,2-19,
52,Exon 2,X:153640520,X:154412183,Missense,,c.207C>G   ,p.His69Gln,,1.0,SIFT 0; PPH 1,Ref. 20; Ref. 111; Ref. 83,ClinVar,,2-47,
53,Exon 2,X:153640521,X:154412184,Nonsense,,c.208C>T    ,p.Gln70*,,1.0,,Ref. 83,ClinVar May 2015,,2-33,
54,Exon 2,X:153640521,X:154412184,Nonsense,,c.208C>T   ,p.Gln70* ,,1.0,,Ref. 37 (Pat.2012-a);  Ref. 83,ClinVar May 2013,"TTN: NM_133378 c.3034C>T, p.Arg1012X. Likely pathogenic.   ",2-20,
55,Exon 2,X:153640524,X:154412187,Missense,,c.211T>C  ,p.Ser71Pro,,1.0,SIFT 0;  PPH 0.996,Ref. 4 ,,,2-21,
56,Exon 2,X:153640524,X:154412187,Missense,,c.211T>C  ,p.Ser71Pro,,1.0,SIFT 0;  PPH 0.996,Ref. 14 ,,,2-22,
57,Exon 2,X:153640529,X:154412192,Nonsense,,c.216C>A  ,p.Cys72*,MLCL/CL elevated,1.0,,Ref. 30,,,2-30,
58,Exon 2,X:153640535,X:154412198,Missense,,c.222C>A  ,p.Asp74Glu,,1.0,SIFT 0; PPH 1,Ref. 4,,,2-32,
59,Exon 2,X:153640535,X:154412198,Missense,,c.222C>G  ,p.Asp74Glu,,1.0,SIFT 0; PPH 1,Ref. 20,,,2-27,
60,Exon 2,X:153640536,X:154412199,Missense,,c.223G>C  ,p.Asp75His,MLCL/CL elevated,,SIFT 0; PPH 1,Ref. 20; Ref. 115,,,2-23,
61,Exon 2,X:153640536,X:154412199,Missense,,c.223G>A   ,p.Asp75Asn,,,SIFT delet; PPH delet,Ref. 20,,,2-40,
62,Exon 2,X:153640540,X:154412203,Frameshift,,c.227delC,p.Pro76Leufs*7,,,,Ref. 71,,,2-29,
63,Exon 2,X: 153640540,X:154412187,Missense,,c.227C>G,p.Pro76Arg,,,SIFT not tolerated,Ref. 83 ,ClinVar Feb 2016,,2-34,
64,Exon 2,X:153640543 ,X:154412206,Missense,,c.230A>G,p.His77Arg,,,SIFT0.15; PPH 0.994,Ref. 83,ClinVar Aug 2011,,2-42,
65,Exon 2,X:153640549,X:154412212,Nonsense,,c.236G >A ,p.Trp79*,MLCL/CL elevated,, mRNA,Ref. 4; Ref. 17; Ref. 21 (Pat. 9); Ref. 74; Ref. 115,,,2-24,  
66,Exon 2,X: 153640549-153640556,X:154412212-154412219,Splicing,,c.236_c.238+5 del,r.spl,,,,Ref. 83,ClinVar Feb 2020,,2-49,
67,Exon 2,X:153640551,X:154412214,Splicing/Silent,,c.238G>A  Ggtacc > Agtacc     [r.238G>A     GGG > AGG],r.[238+1_+36ins]; p.Gly80Ser_Ile81ins12  [predicted gly 80 arg],MLCL/CL elevated,,mRNA: r[238+1_+36ins]; major product 12 additional intron-derived codons,"Ref. 16, Ref. 74, Ref. 115",,,2-25,
68,Exon 2,X:153640551,X:154412214,Splicing/Silent,,c.238G>A  Ggtacc > Agtacc     [r.238G>A     GGG > AGG],r.[238+1_+36ins]; p.Gly80Ser_Ile81ins12  [predicted gly 80 arg],,,mRNA: r[238+1_+36ins]; major product 12 additional intron-derived codons,Ref. 38 (Pat. A.92863),,,2-26,
69,Exon 2,X:153640551,X:154412214,Splicing/Silent,,c.238G>A  Ggtacc > Agtacc     [r.238G>A     GGG > AGG],r.[238+1_+36ins]; p.Gly80Ser_Ile81ins12  [predicted gly 80 arg],,,mRNA: r[238+1_+36ins]; major product 12 additional intron-derived codons,Ref. 20,,,2-36,
70,Exon 2,X:153640551,X:154412214,Splicing/Silent,,c.238G>A  Ggtacc > Agtacc    [r.238G>A     GGG > AGG],r.[238+1_+36ins]; p.Gly80Ser_Ile81ins12  [predicted gly80arg],,,,Ref. 83 ,ClinVar,,2-53,
71,Exon 2,X:153640551,X:154412214,Splicing/Silent,,c.238G>A  Ggtacc > Agtacc    [r.238G>A     GGG > AGG],r.[238+1_+36ins]; p.Gly80Ser_Ile81ins12  [predicted gly80arg],,,,Ref.83,ClinVar,,2-55,
72,Exon 2,X:153640551,X:154412214,Splicing/Silent,,c.238G>C  Ggtacc > Cgtacc    [r.238G>C     GGG > CGG], r.[238+1_+36ins]; p.Gly80Arg_Ile81ins12 [predicted gly 80 arg],,,,Ref. 83 ,ClinVar,,2-54,
73,Exon 2,X:153640551,X:154412214,Splicing/Silent,,c.238G>C  Ggtacc > Cgtacc    [r.238G>C     GGG > CGG], r.[238+1_+36ins]; p.Gly80Arg_Ile81ins12 [predicted gly 80 arg],,,,Ref. 109,,,2-44,
74,Intron 2,X:153640550_557,X:154412216_223,Splicing,,c.238+2_238+9del,r.spl,,,,Ref. 83,ClinVar,,2-d,
75,Intron 2,X:153640553,X:154412216,Splicing,,c.238+2T>G  ,r.[110_238del]; p.Lys37_Gly80del,MLCL/CL elevated,, mRNA tested: major prod ∆ 2; minor product 12 addnl codons in-frame,Ref. 3 (Pat. 6); Ref. 17; Ref. 21 (Pat. 18); Ref. 28 (Pat. 4); Ref. 74; Ref. 115;  ; (Pat. CS971714),,,2-a,
76,Intron 2,X:153641543,X:154413206,Splicing,,c.239-2A>G,r.spl,,,,Ref. 20,,,2-e,
77,Intron 2,X:153641543,X:154413206,Splicing,,c.239-1G>A ,r.spl   Ex3del (predicted),CL reduced,,,Ref. 2 (Pat. K); Ref. 40;  Ref. 83  ,ClinVar Apr 1996,,2-b,
78,Intron 2,X:153641543,X:154413206,Splicing,,c.239-1G>C ,r.spl   Ex3del (predicted),MLCL/CL elevated,,,Ref. 40 (Pat. GW); Ref. 2 (Pat. GW); Ref. 7 (Pat. 2); Ref. 22 (Pat. 5); Ref. 23 (Pat. 4); Ref. 29; Ref. 83; Ref. 116; Ref. 117  ,ClinVar Apr 1996,,2-c,
79,Exon 3,X:153641544,X:154413207,Missense,,c.239G>A  ,p.Gly80Glu or r.spl,,,SIFT 0; PPH 1.,Ref. 5; Ref. 38 (Pat. M.09.00546)    ,,,3-1,
80,Exon 3,X:153641544,X:154413207,Missense,,c.239G>A  ,p.Gly80Glu or r.spl,,,,Ref. 138,,,3-39,
81,Exon 3,X:153641544,X:154413207_8,Frameshift,,c.239_240insC,p.Ile81Aspfs*53 (in exon 5 of FL) (fs*74 in delta 5),CL reduced,,,Ref. 22 (Pat. 2); Ref. 23 (Pat. 4),,,3-2,
82,Exon 3,X:153641550,X:154413213,Missense,,c.245T>C  ,p.Leu82Pro,,,SIFT 0; PPH 0.5,Ref. 4; Ref. 17,,,3-3,
83,Exon 3,X:153641550,X:154413213,Missense,,c.245T>C  ,p.Leu82Pro,,,,Ref. 136  (Pat. 20),,,3-38,
84,Exon 3,X:153641558,X:154413221,Frameshift,,c.253insC    ,p.Arg85Profs*54,MALE:MLCL/CL elevated; FEMALE:normal MLCL/CL,,,Ref. 94,,,3-30,
85,Exon 3,X:153641569,X:154413232,Nonsense,,c.264G>A   ,p.Trp88*,,,,Ref. 56,,,3-27,
86,Exon 3,X:153641585,X:154413248,Missense,,c.280C>T   ,p.Arg94Cys,MLCL/CL elevated,2.0,SIFT 0; PPH 0.959,Ref. 3 (Pat. 7); Ref. 17; Ref. 74; Ref. 115; Ref. 116,,,3-5,
87,Exon 3,X:153641585,X:154413248,Missense,,c.280C>T   ,p.Arg94Cys,,2.0,SIFT 0; PPH 0.959,Ref. 4,,,3-6,
88,Exon 3,X:153641585,X:154413248,Missense,,c.280C>T   ,p.Arg94Cys,,2.0,SIFT 0; PPH 0.959,Ref. 5,,,3-9,
89,Exon 3,X:153641585,X:154413248,Missense,,c.280C>T   ,p.Arg94Cys,,2.0,SIFT 0; PPH 0.959,Ref. 30 ,,,3-12,
90,Exon 3,X:153641585,X:154413248,Missense,,c.280C>T   ,p.Arg94Cys,MLCL/CL elevated,2.0,SIFT 0; PPH 0.959,Ref. 4; Ref.74,,,3-13,
91,Exon 3,X:153641585,X:154413248,Missense,,c.280C>T   ,p.Arg94Cys,,2.0,SIFT 0; PPH 0.959,Ref. 58,,,3-19,
92,Exon 3,X:153641585,X:154413248,Missense,,c.280C>T   ,p.Arg94Cys,,2.0,SIFT 0; PPH 0.959,Ref. 68 Pt.3,,,3-23,
93,Exon 3,X:153641585 ,X:154413248,Missense,,c.280C>T   ,p.Arg94Cys,,2.0,SIFT 0; PPH 0.959,Ref. 83 ,ClinVar Jan 2014,,3-33,
94,Exon 3,X:153641585 ,X:154413248,Missense,,c.280C>T   ,p.Arg94Cys,MLCL/CL elevated,2.0,SIFT 0; PPH 0.959,Ref. 95 (Pat. 2); Ref. 113,,,3-31,
95,Exon 3,X:153641585,X:154413248,Missense,,c.280C>T   ,p.Arg94Cys,,2.0,SIFT 0; PPH 0.959,Ref. 20,,,3-40,
96,Exon 3,X:153641585,X:154413248,Missense,,c.280C>T   ,p.Arg94Cys,,2.0,SIFT 0; PPH 0.959,Ref. 20,,,3-41,
97,Exon 3,X:153641585,X:154413248,Missense,,c.280C>T   ,p.Arg94Cys,,2.0,SIFT 0; PPH 0.959,Ref. 20,,"ACTN2, c.1892G>A, p.Arg631His, potentially pathogenic",3-45,
98,Exon 3,X:153641585,X:154413248,Missense,,c.280C >G   ,p.Arg94Gly,,2.0,SIFT 0; PPH 0.794,Ref. 4,,,3-7,
99,Exon 3,X:153641585,X:154413248,Missense,,c.280C >G   ,p.Arg94Gly,MLCL/CL elevated,2.0,SIFT 0; PPH 0.794,Ref. 47,,,3-8,
100,Exon 3,X:153641585 ,X:154413248,Missense,,c.280C>A      ,p.Arg94Ser,,2.0,SIFT 0; PPH 0.736,Ref. 9;   Ref. 83 ,ClinVar,,3-10,
101,Exon 3,X:153641585 ,X:154413248,Missense,,c.280C>A  ,p.Arg94Ser,MLCL/CL elevated,2.0,SIFT 0; PPH 0.736,Ref. 20; Ref. 70 (Fam 3),,,3-25,
102,Exon 3,X:153641586,X:154413249,Missense,,c.281G>A   ,p.Arg94His,,2.0,SIFT 0;  PPH 0.945,Ref. 4; Ref. 25 ,,,3-14,
103,Exon 3,X:153641586,X:154413249,Missense,,c.281G>A   ,p.Arg94His,,2.0,SIFT 0;  PPH 0.945,Ref. 15  ,,,3-15,
104,Exon 3,X:153641586,X:154413249,Missense,,c.281G>A   ,p.Arg94His,,2.0,SIFT 0;  PPH 0.945,Ref. 38 (Pat. A.91738),,,3-16,
105,Exon 3,X:153641586,X:154413249,Missense,,c.281G>A   ,p.Arg94His,MLCL/CL elevated,2.0,SIFT 0;  PPH 0.945,Ref. 49 ,,,3-17,
106,Exon 3,X:153641586,X:154413249,Missense,,c.281G>A   ,p.Arg94His,MLCL/CL elevated,2.0,SIFT 0;  PPH 0.945,Ref. 48 ,ClinVar,,3-18,
107,Exon 3,X:153641586,X:154413249,Missense,,c.281G>A   ,p.Arg94His,,2.0,SIFT 0;  PPH 0.945,Ref. 69  ,,,3-24,
108,Exon 3,X:153641586,X:154413249,Missense,,c.281G>A   ,p.Arg94His,MLCL/CL elevated,2.0,SIFT 0;  PPH 0.945,Ref. 70 (Fam 4),,,3-26,
109,Exon 3,X:153641586,X:154413249,Missense,,c.281G>A   ,p.Arg94His,,2.0,SIFT 0;  PPH 0.945,Ref. 20,,,3-28,
110,Exon 3,X:153641586,X:154413249,Missense,,c.281G>A   ,p.Arg94His,MLCL/CL elevated,2.0,SIFT 0;  PPH 0.945,Ref. 87,,,3-29,
111,Exon 3,X:153641586,X:154413249,Missense,,c.281G>A   ,p.Arg94His,,2.0,SIFT 0;  PPH 0.945,Ref. 83,ClinVar,,3-35,
112,Exon 3,X:153641586,X:154413249,Missense,,c.281G>A   ,p.Arg94His,,2.0,SIFT 0;  PPH 0.945,Ref. 83,ClinVar,,3-37,
113,Exon 3,X:153641586,X:154413249,Missense,,c.281G>A   ,p.Arg94His,,2.0,,Ref. 83,ClinVar,,3-43,
114,Exon 3,X:153641586,X:154413249,Missense,,c.281G>A   ,p.Arg94His,,2.0,,Ref. 83,ClinVar,,3-44,
115,Exon 3,X:153641586,X:154413249,Missense,,c.281G>T  ,p.Arg94Leu,,2.0,SIFT 0;  PPH 0.945,Ref. 4; Ref. 115,,,3-20,
116,Exon 3,X:153641586,X:154413249,Missense,,c.281G>T  ,p.Arg94Leu,,2.0,SIFT 0; PPH 0.591,Ref. 83 ,ClinVar 2016,,3-32,
117,Exon 3,X:153641586,X:154413249,Missense,,c.281G>C  ,p.Arg94Pro,,2.0,SIFT not tolerated,Ref. 20,ClinVar,NEBL  Gly202Arg  VUS heterozy,3-34,
118,Exon 3,X:153641586,X:154413249,Missense,,c.281G>C ,p.Arg94Pro   + 3'UTR variant,,2.0,,Ref. 20,,,3-42,
119,Exon 3,X:153641589,X:154413252,Frameshift,,c.284dupG   TGgtg > TGGgtg,p.Thr96Aspfs*37,MLCL/CL elevated,,,Ref. 66,,,3-21,
120,Intron 3,X:153641590,X:154413253,Splicing,,c.284+1G>C,r. spl.,MLCL/CL elevated,,,Ref. 38  (Pat. M.11.01741),,,3-a,
121,Intron 3,X:153641592,X:154413255,Splicing,,c.284+3G>T  ,r.spl   ,MLCL/CL elevated,, mRNA,Ref. 30  (Pat. M.11.04631),,"MYH7 NM_000257 c.2945T>C, p.Met982Thr  VUS   rs145532615",3-b,
122,Intron 3,X:153641592  ,X:154413255,Splicing,,c.284+3G>C   gtgag > gtcag,r.spl,,,,Ref. 83,ClinVar,,3-g,
123,Intron 3,X:153641594,X:154413257,Splicing,,c.284+5G>A,r.spl,,,,Ref. 56,,,3-d,
124,Intron 3,X:153641594,X:154413257,Splicing,,c.284+5G>A,r.spl,,,,Ref. 133,,,3-h,
125,Intron 3,X:153641699,X:154413362,Splicing/Insertion,,c.284+110G>A,r.[284+1_+111]ins;  p.Thr96*,,,RT-PCR confirmed.  Alternate GC Splicing signal also used in normals at low frequency (Ref.17),Ref. 8; Ref. 17; Ref. 83; Ref. 99,ClinVar Nov 2001,,3-c,
126,Intron 3,X:153641699,X:154413362,Splicing/Insertion,,c.284+110G>A,r.[284+1_+111]ins;  p.Thr96*,,,,Ref. 88,,,3-e,
127,Intron 3,X:153641818,X:154413481,Splicing,,c.285-1G>C,r.spl,,,,Ref. 98,,,3-f,
128,Exon 4,X:153641819,X:154413482,Nonsense,,c.285G>A     TGG > TGA,p.Trp95*,,,,Ref. 4,,,4-1,
129,Exon 4,X:153641828,X:154413491,Frameshift,,c.293_294insTTAGGACCCC ,p.AlaA99*  (p.Ala99_Ala100insTer),,,,Ref. 15;  Ref. 20; Ref.4; Ref.83; Ref. 133,ClinVar,SCN5A  c.1673A>G; genotype G/G; p.His558Arg VUS or Benign,4-2 & 4-39,
130,Exon 4,X:153641836,X:154413499,Missense,,c.302G>T   ,p.Asp101Tyr,CL reduced,,SIFT 0;  PPH 0.64,Ref. 23 (Pat. 5) ,,,4-3,
131,Exon 4,X:153641836,X:154413499,Missense,,c.302A>T   ,p.Asp101Val,,,SIFT 0;  PPH 0.64,Ref. 4 ,,,4-4,
132,Exon 4,X:153641841,X:154413504,Missense,,c.307T>C   ,p.Cys103Arg ,,,SIFT 0; PPH 0.877,Ref. 83 ,ClinVar Jun 2012,"MYH7 NM_000257 c.5588G>A Arg1863Gln Likely path,  rs45520836  ",4-5,
133,Exon 4,X:153641844,X:154413507,Missense,,c.310T>G  ,p.Phe104Val,,,SIFT 0;  PPH 0.82,Ref. 4  ,,,4-6,
134,Exon 4,X:153641844,X:154413507,Missense,,c.310T>C  ,p.Phe104Leu,,,SIFT 0.04; PPH 0.6, Ref. 83 ,ClinVar Mar 2012,,4-7,
135,Exon 4,X:153641855_861,X:154413518_524,Frameshift,,c.321_327delins15,p.Glu107fs,,,,,,,4-40,
136,Exon 4,X:153641861_67,X:154413524_29,Deletion,,c.327_332delCTCCCA,p.Ser110_His111del,,,,Ref. 4,,,4-8,
137,Exon 4,X:153641862,X:154413525,Missense,,c.328T>C  ,p.Ser110Pro,,,"SIFT 0,05; PPH 0.034",Ref. 4; Ref. 114 ,,,4-9,
138,Exon 4,X:153641862,X:154413525,Missense,,c.328T>C ,p.Ser110Pro,,,"SIFT 0,05; PPH 0.034",Ref. 83 ,ClinVar Jan 2012,,4-10,
139,Exon 4,X:153641871_73,X:154413534,Deletion,,c.337_339delTTC,p.Phe113del,,,,Ref. 14,,,4-12,
140,Exon 4,X:153641871_73,X:154413534,Deletion,,c.337_339delTTC,p.Phe113del,MLCL/CL elevated,,,Ref. 30 (Pat. B1208022),,,4-13,
141,Exon 4,X:153641880,X:154413543,Missense,,c.346G>C  ,p.Gly116Arg,MLCL/CL elevated,,SIFT 0; PPH 0.99,Ref. 38  (Pat. M.09.01949); Ref. 115    ,,,4-14,
142,Exon 4,X:153641881,X:154413544,Missense,,c.347G>A ,p.Gly116Asp,,,SIFT 0.01; PPH 0.979,Ref. 4,,,4-15,
143,Exon 4,X:153641881,X:154413544,Missense,,c.347G>A  ,p.Gly116Asp,,,SIFT 0.01; PPH 0.979,Ref. 83 ,ClinVar Aug 2012,,4-16,
144,Exon 4,X:153641882,X:154413544,Missense,,c.347G>A  ,p.Gly116Asp,,,SIFT 0.01; PPH 0.979,Ref. 83 ,ClinVar,,4-41,
145,Exon 4,X:153641882,X:154413545,Splicing,,c.348C>T,  Experimental: RNA c.346_371 del24;  p.Lys117_Gly124del; Predicted:p.Gly116 Gly,MLCL/CL elevated,,,Ref.127; Ref. 128,,,4-38,
146,Exon 4,X:153641882,X:154413545,Frameshift,,c.348delC      GG(C),p.Lys117>Serfs*22,,,,Ref. 110,,,4-33,
147,Exon 4,X:153641883,X:154413546,Missense,,c.349A>G ,p.Lys117Glu,,,SIFT 0.07;  PPH 0.87,Ref. 4,,,4-17,
148,Exon 4,X:153641886,X:154413549,Missense,,c.352T>C ,p.Cys118Arg,CL reduced,,SIFT 0; PPH 0.998; ,Ref. 6 (Pat. BSG); Ref. 21 (Pat. 1); Ref. 83 ,ClinVar Mar 2001,,4-18,
149,Exon 4,X:153641886,X:154413549,Missense,,c.352T>C  ,p.Cys118Arg,,,SIFT 0; PPH 0.998; ,Ref. 4,,,4-19,
150,Exon 4,X:153641889,X:154413552 ,Missense,,c.355G>A,p.Val119Met,,,SIFT 0,Ref.83; Ref. 122;  Ref. 126,ClinVar ,,4-36,
151,Exon 4,X:153641890,X:154413553,Missense,,c.356T>G ,p.Val119Gly,MLCL/CL elevated,,SIFT 0;  PPH 0.96,Ref. 70 (Fam 5),,,4-29,
152,Exon 4,X:153641892,X:154413555,Missense,,c.358C>A   ,p.Pro120Thr,MLCL/CL elevated,,SIFT 0;  PPH 0.999,Ref. 30 ( Pat.  M.11.02955),,,4-20,
153,Exon 4,X:153641901,X:154413564,Nonsense,,c.367C>T  ,p.Arg123*,,,,Ref. 4   ,,,4-21,
154,Exon 4,X:153641901,X:154413564,Nonsense,,c.367C>T  ,p.Arg123*,MLCL/CL elevated,,,Ref. 4; Ref. 74 ,,,4-22,
155,Exon 4,X:153641901,X:154413564,Nonsense,,c.367C>T  ,p.Arg123*,,,,Ref. 15  ,,,4-23,
156,Exon 4,X:153641901,X:154413564,Nonsense,,c.367C>T  ,p.Arg123*,MLCL/CL elevated,,,Ref. 29  ,,,4-24,
157,Exon 4,X:153641901,X:154413564,Nonsense,,c.367C>T  ,p.Arg123*,,,,Ref. 66 ,,,4-28,
158,Exon 4,X:153641901,X:154413564,Nonsense,,c.367C>T  ,p.Arg123*,,,,Ref. 97 (Pat. BTHS 3) ,,,4-30,
159,Exon 4,X:153641901,X:154413564,Nonsense,,c.367C>T  ,p.Arg123*,MLCL/CL elevated,,,Ref. 103 (Pat. 3),,,4-31,
160,Exon 4,X:153641901,X:154413564,Nonsense,,c.367C>T  ,p.Arg123*,,,,Ref. 83,ClinVar,,4-34,
161,Exon 4,X:153641901,X:154413564,Nonsense,,c.367C>T  ,p.Arg123*,,,,Ref. 83,ClinVar 2019,,4-37,
162,Exon 4,X:153641902_909,X:154413565_72,Nonsense,,c.368_368+5delinsCACAGGCCTGTGTCC,Predicted: skip exon 4 or retention intron4,MLCL/CL elevated,,,Ref. 112,,,4-32,
163,Exon 4,X:153641904,X:154413567,Missense,,c.370G>A ,p.Gly124Arg,,,SIFT 0.05;  PPH 0.38;  SplicingPort donor score reduced,Ref. 4    ,,,4-25,
164,Exon 4,X:153641904,X:154413567,Missense,,c.370G>C  ,p.Gly124Arg,,,SIFT 0.05;  PPH 0.38,Ref. 4   ,,,4-26,
165,Exon 4,X:153641904,X:154413567,Missense,,c.370G>T,p.Gly124*,CL reduced,,Stop Codon + Possible Splicing effect ,Ref. 4; Ref. 21 (Pat. 16),,,4-27,
166,Exon 4,X:153641904,X:154413567,Nonsense,,c.370G>T,p.Gly124*,,,Stop Codon + Possible Splicing effect ,Ref. 83,ClinVar,,4-35,
167,Intron 4,X:153641919,X:154413582,Splicing,Null,c.370+1G>A,r.spl,,,,Ref. 133,,,4-b,
168,Intron 4,X:153642436,X:154414099,Splicing,Null,c.371-2A>G   ,r.spl,,,,Ref. 55 (Pat. TAZ_00059),,,4a,
169,Intron 5,X: 153642512-153642516,X: 154414175-154414179,Frameshift,,c.447_451del,p.Arg151fs,,,,Ref. 83,ClinVar,,5-f,
170,Intron 5,X: 153642528,X:154414191,Splicing,,c.460+1G>A,r.spl,,,,Ref. 83,ClinVar Jan 2019,,5-c,
171,Intron 5,X: 153642528,X:154414191,Splicing,,c.460+1G>A,r.spl,,,,Ref. 83,ClinVar Nov 2015,,5-b,
172,Intron 5,X: 153642528,X:154414191,Splicing,,c.460+1G>A,r.spl,,,,Ref. 83,,,5-g,
173,Intron 5,X:153642532,X: 154414195,Splicing,,c.460+5G>A,r.spl,,,,Ref. 83,ClinVar,,5-d,
174,Intron 5,X:153647880,X:154419541,Splicing,,c.461-2A>G,r.spl  ,,,,Ref. 83,ClinVar May 2015,,5-a,
175,Intron 5,X:153647875,X:154419536,Splicing,,c.461-7C>T,r.spl,,,,Ref. 120,,,5-e,
176,Exon 6,X-153647886_97,X: 154419547_58,Deletion,,c.465_476del12,p.Gly156_Gln159 del,,,,Ref. 20,,,6-26,
177,Exon 6,X:153647888,X:154419558,Missense,,c.476A>C  ,p.Gln159Pro,,,SIFT 0.001; PPH 0.993,Ref. 101; Ref. 107 (Pat. TAZ 6),,,6-22,
178,Exon 6,X:153647890,X:154419560,Nonsense,,c.478A>T ,p.Lys160*,,,,Ref. 5 ,,,6-1,
179,Exon 6,X:153647890,X:154419560,Nonsense,,c.478A>T ,p.Lys160*,MLCL/CL elevated,,,Ref. 70 (Fam 6),,,6-11,
180,Exon 6,X:153647900,X:154419561,Frameshift,,c.478del A  ,p.Lys160Argfs*24,,,,Ref. 14,,,6-2,
181,Exon 6,X:153647903,X:154419563,Missense,,c.481G>A ,p.Gly161Arg,MLCL/CL elevated,,SIFT 0; PPH 0.992,Ref. 4; Ref. 115 ,,,6-3,
182,Exon 6,X:153647903,X:154419563,Missense,,c.481G>A ,p.Gly161Arg,,,SIFT 0; PPH 0.992,Ref.121,,,6-25,
183,Exon 6,X:153647903,X:153647904,Frameshift,,c.481_482ins20,p.Gly161Glufs*30,,,,Ref. 56; Ref .96a; Ref. 96b,,,6-15,
184,Exon 6,X: 153647901,X: 154419562,Frameshift,,c.483delG,p.Met162Trpfs*60,,,,Ref.83,ClinVar 2016,,6-21,
185,Exon 6, X: 153647906 - 153647907,X: 154419567 - 154419568,Frameshift,,c.487dupG,p.Asp163Glyfs*40,,,,Ref. 83,ClinVar Dec 2017,,6-23,
186,Exon 6,X:153647909,X:154419570,Missense,,c.488A>G,p.Asp163Gly,,,,Ref 136  (Pat.17),,,6-30,
187,Exon 6,X: 153647909-153647910,X: 154419570-154419571,Frameshift,,c.489dup,p.Phe164fs,,,,Ref. 83,ClinVar,,6-31,
188,Exon 6,X:153647913,X:154419574,Frameshift,,c.492insC,p.Ile165Hisfs*39,,,,Ref.20; Ref.133,,,6-24,
189,Exon 6,X:153647919,X:154419579,Nonsense,,c.497T>A  ,p.Leu166*,,,,Ref. 4 ,,,6-4,
190,Exon 6,X:153647926,X:154419587,Missense,,c.505C>T,p.Leu169Phe,,,SIFT 0.01; PPH 0.886,Ref. 101;  Ref. 107 (Pat. TAZ 4),,,6-18,
191,Exon 6,X:153647926,X:154419587,Missense,,c.505C>T,p.Leu169Phe,,,,Ref. 123 (Frequency ExAC T=0.0000082),,,6-20,
192,Exon 6,X:153647927,X:154419588,Missense,,c.506T>A  ,p.Leu169His,,,SIFT  0.01;  PPH 1,Ref. 14,,,6-5,
193,Exon 6,X:153647928,X:154419589,Silent,,c.507C>T ,p.Leu169=,,,,Ref. 51,,,6-6,
194,Exon 6,X:153647938,X:154419599,Frameshift,,c.517delG ,p.Asp173Thrfs*11,,,,Ref.83,ClinVar,,6-32,
195,Exon 6,X:153647938,X:154419599,Frameshift,Null; mRNA sequenced ,c.517delG ,p.Asp173Thrfs*11,MLCL/CL elevated,,,Ref. 4; Ref. 17; Ref. 21 (Pat. 4); Ref. 74;  Ref.131,,,6-7,
196,Exon 6,X:153647938,X:154419599,Frameshift,,c.517delG  ,p.Asp173Thrfs*11,,,,Ref. 135,,,6-29,
197,Exon 6,X:153647941,X:154419602,Missense,,c.520T>G,p.Trp174Gly ,,,SIFT 0; PPH 0.998,Ref. 59 (Incorrect Amino Acid number),,,6-10,
198,Exon 6,X:153647947 ,X:154419608,Missense,,c.526C>T ,p.His176Tyr,MLCL/CL elevated,3.0,SIFT: 0;  PPH 0.996;  Only His tolerated,Ref. 83; Ref. 115 ,ClinVar Feb 2012,,6-17,
199,Exon 6,X:153647947,X:154419608,Missense,,c.526C>T ,p.His176Tyr ,,3.0,SIFT 0; PPH 0.999,Ref. 101; Ref. 107 (Pat. sporadic 2),,KCNE3 p.Arg99His,6-19,
200,Exon 6,X:153647948,X:154419609,Missense,,c.527A>G ,p.His176Arg,,3.0,SIFT 0; PPH 1,Ref. 20,,,6-14,
201,Exon 6,X:153647948,X:154419609,Missense,,c.527A>G   ,p.His176Arg,,3.0,SIFT 0; PPH 2,Ref. 97  (Pat. BTHS 1 & 2 are twins),,,6-16,
202,Exon 6,X:153647948,X:154419609,Missense,,c.528A>C,p.His176Pro,,3.0,,Ref.133,,,6-28,
203,Exon 6,X: 153647946-153647966,X:154419607 - 154419627,Splicing,,c.528_541+7del,r.spl,,3.0,,Ref. 83,ClinVar ,,6-27,
204,Exon 6,X:153647951,X:154419614,Missense,,c.532T>A ,p.Phe178Ile,,3.0,SIFT 0; PPH 0.95,Ref. 2 (Pat. FW),,,6-8,
205,Exon 6,X:153647951,X:154419614,Missense,,c.532T>C ,p.Phe178Leu,,3.0,SIFT 0;  PPH 0.73,Ref. 72,,,6-12,
206,Exon 6,X:153647957,X:154419618,Frameshift,,c.536delC    (CCA G> CAG),p.Pro179Glnfs*5,,3.0,mRNA tested: product including exon 6 + product skipping exon 6,Ref. 10 ,,,6-9,
207,Intron 6,X:153647963,X:154419624,Splicing,,c.541+1G>T      ,r.spl   Ex.6del (predicted),,,,Ref. 4      ,,,6-a,
208,Intron 6,X:153647963,X:154419624,Splicing,,c.541+1G>A      ,r.spl   Ex.6del (predicted),,,,Ref. 31 (Pat. 2),,,6-b,
209,Intron 6,X:153648202_8154,,Insertion-Deletion,,c.542-38_583+70del150,,,,,Ref. 20,,,6-f,
210,Intron 6,X:153648037_49,X:154419698_154419710,Splicing,Null,c.542-7_547 delTCACCAGGGAAAG,r.spl   Ex.6del (predicted),,,,Ref.14    ,,,6-c,
211,Intron 6,X:153648041,X:154419702,Splicing,,c.542-3C>G,r.spl,,,,Ref. 83,ClinVar,,6-d,
212,Intron 6,X:153648042,X:154419703,Splicing,,c.542-2A>G,r.spl,,,,Ref. 83,ClinVar Feb 2020,,6-e,
213,Intron 6,X:153648043,X:154419704,Splicing,,c.542-1G>A,r.spl,,,,Ref.120,,,6-g,
214,Exon 7,X:153648050,X:154419711,Missense,,c.548T>G  ,p.Val183Gly,,3.0,SIFT 0; PPH 0.958,Ref. 1 (Pat. 2),,,7-1,
215,Exon 7,X:153648055,X:154419716,Frameshift,,c.553A>G   new exonic Splicing donor at codon Met185,r.[541+1_542-1ins; r.553_583del]; p.Lys182Glnfs*4,MLCL/CL elevated,, mRNA study & sequencing confirm mis-splicing & Frameshift,Ref. 65,,,7-2,
216,Exon 7,X:153648055,X:154419716,Frameshift,,c.553A>G   new exonic Splicing donor at codon Met185,r.[541+1_542-1ins; r.553_583del]; p.Lys182Glnfs*4,MLCL elevated    CL normal ,,,Ref. 30;  Ref. 79,,,7-12,
217,Exon 7,X:153648055,X:154419716,Frameshift,,c.553A>G   new exonic Splicing donor at codon Met185,r.[541+1_542-1ins; r.553_583del]; p.Lys182Glnfs*4,,,,Ref. 73  (incorrectly reported as Met155),,,7-13,
218,Exon 7,X:153648055,X:154419716,Frameshift,,c.553A>G   new exonic Splicing donor at codon Met185,reported as p.Met185Val,,,,Ref. 101; Ref. 107 (Pat. TAZ 3),,,7-15,
219,Exon 7,X:153648064,X:154419725,Nonsense,,c.562G>T   and    c.578A>T ,p.Glu188*                 p.Lys193Met             ,,,,"Ref. 11;  ExAC 3Afr/8,433; 0 hemiz",,,7-3,
220,Exon 7,X:153648081_82,X:154419743_4,Frameshift,,c.580_581dupT,p.Trp194Leufs*9,CL reduced,,,Ref. 40 (Pat. OAT); Ref. 2 (Pat. OAT),ClinVar Apr 1996,,7-4,
221,Exon 7,X:153648081_82,X:154419743_4,Frameshift,,c.580_581dupT,p.Trp194Leufs*9,MLCL/CL elevated,,,Ref. 29 (Pat. 910158),ClinVar,,7-5,
222,Exon 7,X:153648084,X:154419745,Nonsense,,c.582G>A ,p.Trp194*,,,,Ref. 30; Ref. 72  (Pat. M.11.03013),,,7-20,
223,Exon 7,X:153648084,X:154419745,Nonsense,,c.582G>A,p.Trp194*,MLCL/CL elevated,,,Ref. 83; Ref. 115,ClinVar,,7-18,
224,Exon 7,X:153648085,X:154419746,Nonsense,,c.583G>T,p.Gly195*,,,,Ref. 60,,,7-9,
225,Exon 7,X:153648085,X:154419746,Nonsense,,c.583G>T,p.Gly195*,,,,Ref.83,ClinVar,,7-16,
226,Exon 7,X:153648085,X:154419746,Nonsense,,c.583G>T ,p.Gly195*,,,,Ref. 133,ClinVar,,7-17,
227,Exon 7,X:153648085,X:154419746,Nonsense,,c.583G>T  ,p.Gly195*,,,,,,,7-19,
228,Intron 7,X:153648086,X:154419747,Splicing,,c.583+1G>T  ,r.spl,,,,Ref. 20,,,7-e,
229,Intron 7,X:153648087,X:154419748,Splicing,,c.583+2T>C   ,r.spl    ,,,,Ref. 4  ,,,7-a,
230,Intron 7,X:153648090,X:154419751,Splicing,,c.583+5G>A  GTAAGG>GTAAAG,r.spl,MLCL/CL elevated,,,Ref. 30 (Pat.  Case A.91549); Ref. 47,,,7-b,
231,Intron 7,X:153648090,X:154419751,Splicing,,c.583+5G>A  GTAAGG>GTAAAG,r.spl,MLCL/CL elevated,,,Ref. 4; Ref. 115,,,7-c,
232,Intron 7,X:153648090,X:154419751,Splicing,,c.583+5G>A  GTAAGG>GTAAAG,r.spl ,,,,Ref. 20,,"KCNE2 NM_172201 c.170T>C,  p.Ile57Thr, VUS  rs74315448 ",7-d,
233,Intron 7,X:153648090,X:154419751,Splicing,,c.583+5G>A  GTAAGG>GTAAAG,r.spl ,,,,Ref. 104,,,7-f,
234,Exon 8 ,X:153648371,X:154420032,Missense,,c.584G>T  ,p.Gly195Val,,,SIFT 0; p 0.999.  Normal splicing,Ref. 68 (Pat.4),,,8-38,
235,Exon 8 ,X:153648376,X:154420037,Missense,,c.589G>A,p.Gly197Arg [+ chrom. 2 aberration],,,SIFT 0; PPH 0.972 ,Ref. 3 (Pat. 9); Ref. 28 (Pat. 2,,"46XY,(inv2) (p11q13)",8-1,
236,Exon 8 ,X:153648376,X:154420037,Missense,,c.589G>A,p.Gly197Arg,,,SIFT 0; PPH 0.973,Ref. 4,,,8-2,
237,Exon 8 ,X:153648376,X:154420037,Missense,,c.589G>A,p.Gly197Arg,,,SIFT 0; PPH 0.974,Ref. 4,,,8-3,
238,Exon 8 ,X:153648376,X:154420037,Missense,,c.589G>A,p.Gly197Arg,,,SIFT 0; PPH 0.975,Ref. 4,,,8-4,
239,Exon 8 ,X:153648376,X:154420037,Missense,,c.589G>A,p.Gly197Arg,,,SIFT 0; PPH 0.976,Ref. 1 (Pat. 3); Ref. 47;  Ref. 83 ,ClinVar Oct 2010,,8-5,
240,Exon 8 ,X:153648376,X:154420037,Missense,,c.589G>A,p.Gly197Arg,,,SIFT 0; PPH 0.977,Ref. 1 (Pat. 4);  Ref. 83 ,ClinVar Oct 2010,,8-6,
241,Exon 8 ,X:153648376,X:154420037,Missense,,c.589G>A,p.Gly197Arg,,,SIFT 0; PPH 0.978,Ref. 2 (Pat. MF); Ref. 83 ,ClinVar Oct 2010,,8-7,
242,Exon 8 ,X:153648376,X:154420037,Missense,,c.589G>A,p.Gly197Arg,MLCL/CL elevated,,SIFT 0; PPH 0.979,Ref.12; 74; Ref. 83 ,ClinVar Oct 2010,,8-8,
243,Exon 8 ,X:153648376,X:154420037,Missense,,c.589G>A,p.Gly197Arg,MLCL/CL elevated,,SIFT 0; PPH 0.980,Ref. 5; Ref. 83; Ref. 80 ,ClinVar Oct 2010,,8-9,
244,Exon 8 ,X:153648376,X:154420037,Missense,,c.589G>A,p.Gly197Arg,MLCL/CL elevated,,SIFT 0; PPH 0.981,Ref.15; 74,,,8-10,
245,Exon 8 ,X:153648376,X:154420037,Missense,,c.589G>A,p.Gly197Arg,,,SIFT 0; PPH 0.982,Ref. 20,,,8-11,
246,Exon 8 ,X:153648376,X:154420037,Missense,,c.589G>A,p.Gly197Arg,,,SIFT 0; PPH 0.983,Ref. 31 (Pat. 1),,,8-12,
247,Exon 8 ,X:153648376,X:154420037,Missense,,c.589G>A,p.Gly197Arg,MLCL/CL elevated,,SIFT 0; PPH 0.984,Ref. 20; 74,,,8-13,
248,Exon 8 ,X:153648376,X:154420037,Missense,,c.589G>A,p.Gly197Arg,MLCL/CL elevated,,SIFT 0; PPH 0.985,Ref. 70 (Fam 9),,,8-40,
249,Exon 8 ,X:153648376,X:154420037,Missense,,c.589G>A  ,p.Gly197Arg,,,SIFT 0; PPH 0.986,Ref. 20; Ref. 83 ,ClinVar,,8-55,
250,Exon 8 ,X:153648376,X:154420037,Missense,,c.589G>A,p.Gly197Arg,,,SIFT 0; PPH 0.987,Ref. 101;  Ref. 107 (Pat. sporadic 3),,,8-45,
251,Exon 8 ,X:153648376,X:154420037,Missense,,c.589G>A,p.Gly197Arg,,,SIFT 0; PPH 0.988,Ref. 93,,,8-59,
252,Exon 8 ,X:153648376,X:154420037,Missense,,c.589G>T ,p.Gly197Trp,,,SIFT 0; PPH 0.999,Ref 14,,,8-14,
253,Exon 8 ,X:153648376,X:154420037,Missense,,c.589G>T  ,p.Gly197Trp,MLCL/CL elevated,,SIFT 0; PPH 0.999,Ref. 70 (Fam 10),,,8-41,
254,Exon 8 ,X:153648377,X:154420038,Missense,,c.590G>T ,p.Gly197Val,CL reduced,,SIFT 0; PPH 0.889,Ref. 7 (Pat. 3); Ref. 22 (Pat. 4); Ref. 116,,,8-15,
255,Exon 8 ,X:153648377,X:154420038,Missense,,c.590G>A    and   c.791A>G  ,p.Gly197Glu  &  p.Lys264Arg,,,SIFT 0; PPH 0.97.  ,Ref. 3 (Pat. 8); Ref. 27 (Pat. 5); Ref. 67,,,8-16,
256,Exon 8 ,X:153648377,X:154420038,Missense,,c.590G>A ,p.Gly197Glu,,,SIFT 0; PPH 0.97.  ,Ref. 15,,,8-17,
257,Exon 8 ,X:153648377,X:154420038,Missense,,c.590G>A  ,p.Gly197Glu,,,SIFT 0; PPH 0.97.  ,Ref. 37  (Pat. 2012-d); Ref. 83,ClinVar,,8-18,
258,Exon 8 ,X:153648377,X:154420038,Missense,,c.590G>A,p.Gly197Glu,,,SIFT 0; PPH 0.97.  ,Ref. 83,ClinVar,,8-60,
259,Exon 8 ,X:153648380,X:154420041,Missense,,c.593G>T,p.Arg198Leu,,,,Ref. 133,,,8-54,
260,Exon 8 ,X: 153648380,X: 154420041,Missense,,c.593G>A,p.Arg198His,,,,Ref. 83,ClinVar,,8-63,
261,Exon 8 ,X:153648389,X:154420050,Missense,,"c.602C>T  in NM_000116     (publ as c.469 C>T, p.Leu157Phe, in NM_181313)",p.Ala201>Val ,,,SIFT tolerated; PPH2 likely pathogenic score 0.98,Ref. 105,,"SDHA c.1351_1355delCGCCT, p.Arg451 fs; DTNA c.1736G>A, p.Ser588Asn",8-49,
262,Exon 8 ,X:153648390_92,X:154420051_3,Deletion,,c.603_605delTGA,p.Glu202del,,,,Ref. 30; Ref. 46,,,8-19,
263,Exon 8 ,X:153648392_95,X:154420053_6,Frameshift,,c.605_608delAGTG,p.Glu202Valfs*15 ,,,,"Ref. 33,  (Pat. case III-10); Ref. 83 ",ClinVar May 2007,"LDB3  NM_007078 c.1049C>T, p.Thr350Ile, VUS;  rs200796750",8-20,
264,Exon 8 ,X:153648409 ,X:154420070,Missense,,c.622A>G  ,p.Ile208Val ,,4.0,SIFT predict tolerated.  Semi-conserved position:  Val frequent in vertebrates other than primates.,Ref. 100,,,8-46,
265,Exon 8 ,X:153648413,X:154420074,Missense,,c.626T>A ,p.Ile209Asn,MLCL/CL elevated,4.0,SIFT 0; PPH 1.00,Ref. 3 (Pat. 10*); Ref. 21 (Pat. 12); Ref. 67;  Ref. 115,,,8-21,
266,Exon 8 ,X:153648413,X:154420074,Missense,,c.626T>A  ,p.Ile209Asn,,4.0,SIFT 0; PPH 1.00,Ref. 47,,,8-22,
267,Exon 8 ,X:153648416,X:154420077,Missense,,c.629T>G  ,p.Leu210Arg,CL reduced,4.0,SIFT 0;  PPH 1,Ref. 1 (Pat. 5); Ref. 38 ( Pat. Case A.93271)  ,,,8-23,
268,Exon 8 ,X: 153648418,X: 154420079,Frameshift,,c.634delC    CCCC > CCC,p.Leu212Cysfs*6,MLCL/CL elevated,4.0,,Ref. 2 (Pat. MH); Ref. 29 (Pat. 0010379); Ref. 83,ClinVar 1997,,8-24,
269,Exon 8 ,X:153648422,X:154420083,Missense,,c.635T>C ,p.Leu212Pro,CL reduced,4.0,SIFT 0.05; PPH 0.993,Ref. 3; Ref. 21,,,8-25,
270,Exon 8 ,X:153648426,X:154420087,Nonsense,,c.639G>A,p.Trp213* ,,4.0,,Ref. 83,ClinVar,"JUP c.433C>A, p.Pro145Thr.  Heterozyg, de novo",8-50,
271,Exon 8 ,X:153648427,X:154420086,Missense,,c.640C>T  ,p.His214Tyr,,,"SIFT,  PolyPhen2, M-CAP pathogenic",Ref.137,,,8-58,
272,Exon 8 ,X:153648428,X:154420089,Missense,,c.641A>G  ,p.His214Arg,MLCL/CL elevated,,SIFT 0.16; PPH. 0.76,Ref. 66,,,8-35,
273,Exon 8 ,X:153648433,X:154420094,Missense,,c.646G>A ,p.Gly216Arg,,,SIFT 0.03; PPH 0.999.  ,Ref. 4  ,,,8-26,
274,Exon 8 ,X:153648433,X:154420094,Missense,,c.646G>A ,p.Gly216Arg,,,SIFT 0.03; PPH 0.999.  ,Ref. 4,,,8-27,
275,Exon 8 ,X:153648433,X:154420094,Missense,,c.646G>A  ,p.Gly216Arg,,,SIFT 0.03; PPH 0.999.  ,Ref. 4,,,8-28,
276,Exon 8 ,X:153648433,X:154420094,Missense,,c.646G>A/C GGA>A/CGA,p.Gly216Arg,,,SIFT 0.03; PPH 0.999.  ,Ref. 2 (Pat. FT),,,8-29,
277,Exon 8 ,X:153648433,X:154420094,Missense,,c.646G>A  ,p.Gly216Arg,CL reduced,,SIFT 0.03; PPH 0.999.  ,Ref. 2 (Pat. BV); Ref. 7 (Pat. 6); Ref. 22 (Pat. 4)  ,,,8-30,
278,Exon 8 ,X:153648433,X:154420094,Missense,,c.646G>A  ,p.Gly216Arg,,,SIFT 0.03; PPH 0.999.  ,Ref. 14,,,8-31,
279,Exon 8 ,X:153648433,X:154420094,Missense,,c.646G>A  ,p.Gly216Arg,,,SIFT 0.03; PPH 0.999.  ,Ref. 15,,,8-32,
280,Exon 8 ,X:153648433,X:154420094,Missense,,c.646G>A  ,p.Gly216Arg,MLCL/CL elevated,,SIFT 0.03; PPH 0.999.  ,Ref. 48,,,8-33,
281,Exon 8 ,X:153648433,X:154420094,Missense,,c.646G>A  ,p.Gly216Arg,,,SIFT 0.03; PPH 0.999.  ,Ref. 50;  Ref.107 (Pat. TAZ 7),,,8-34,
282,Exon 8 ,X:153648433,X:154420094,Missense,,c.646G>A  ,p.Gly216Arg,MLCL/CL elevated,,SIFT 0.03; PPH 0.999.  ,Ref. 63,,,8-36,
283,Exon 8 ,X:153648433,X:154420094,Missense,,c.646G>A  ,p.Gly216Arg,,,SIFT 0.03; PPH 0.999.  ,Ref. 56,,,8-37,
284,Exon 8 ,X:153648433,X:154420094,Missense,,c.646G>A  ,p.Gly216Arg,MLCL/CL elevated,,SIFT 0.03; PPH 0.999.  ,Ref. 70 (Fam 11),,,8-42,
285,Exon 8 ,X:153648433,X:154420094,Missense,,c.646G>A  ,p.Gly216Arg,,,SIFT 0.03; PPH 0.999.  ,Ref. 76,,,8-43,
286,Exon 8 ,X:153648433,X:154420094,Missense,,c.646G>A  ,p.Gly216Arg,,,SIFT 0.03; PPH 0.999.  ,Ref. 83,ClinVar Apr 2017,,8-44,
287,Exon 8 ,X:153648433,X:154420094,Missense,,c.646G>A  ,p.Gly216Arg,,,SIFT 0.03; PPH 0.999.  ,Ref.103 (Pat. 1),,,8-47,
288,Exon 8 ,X:153648433,X:154420094,Missense,,c.646G>A  ,p.Gly216Arg ,,,SIFT 0.03; PPH 0.999.  ,Ref. 20,,"SCN5A  c.103G>A,  p.Gly35Ser   (VUS)",8-48,
289,Exon 8 ,X:153648433,X:154420094,Missense,,c.646G>A  ,p.Gly216Arg,,,SIFT 0.03; PPH 0.999.  ,Ref.107 (Pat. sporadic 4),,,8-51,
290,Exon 8 ,X:153648433,X:154420094,Missense,,c.646G>A  ,p.Gly216Arg,,,SIFT 0.03; PPH 0.999.  ,Ref. 83,ClinVar,,8-52,
291,Exon 8 ,X:153648433,X:154420094,Missense,,c.646G>A  ,p.Gly216Arg,MLCL/CL elevated,,SIFT 0.03; PPH 0.999.  ,Ref.127 (Pat. 2),,,8-53,
292,Exon 8 ,X:153648433  ,X:154420094,Missense,,c.646G>A  ,p.Gly216Arg,,,SIFT 0.03; PPH 0.999.  ,Ref. 136  (Pat 19),,,8.56,
293,Exon 8 ,X:153648433  ,X:154420094,Missense,,c.646G>A  ,p.Gly216Arg  ,,,SIFT 0.03; PPH 0.999.  ,Ref. 20,,DES c.727C>T  p.His243Tyr.  Mt: Likely benign: m.12223A>G (NC_012920.1) homoplasmic,8-61,
294,Exon 8 ,X:153648433  ,X:154420094,Missense,,c.646G>A  ,p.Gly216Arg  ,,,SIFT 0.03; PPH 0.999.  ,Ref.83,ClinVar,,8-62,
295,Intron 8,X:153648550,X:154420211,Splicing,,c.647-1G>C    ,r.[647_699del]; p.Gly215Glufs*104,,,mRNA tested: exon 9 skipped ,Ref. 13; Ref. 18; Ref. 83,ClinVar Dec 2002,,8-a,
296,Exon 9,X:153648551,X:154420212,Missense,,c.647G>A,p.Gly216Glu,,,,Ref. 83,ClinVar,,9-15,
297,Exon 9,X:153648551,X:154420212,Missense,,c.647G>T  ,p.Gly216Val,,,SIFT none tolerated; PPH 0.999. ,Ref. 37; Ref. 83 ,ClinVar Jan 2012,,9-8,
298,Exon 9,X:153648557_58,X:154420219_20,Frameshift,Null,c.654_655dupGAAT,p.Asp219Glufs*1,MLCL/CL elevated,,,Ref. 14; Ref. 87 (Mutation of patient should be  p.Asp219Glufs*1),,,9-1,
299,Exon 9,X:153648561_64,X:154420223_26,Frameshift,Null,c.658_661dup (dupGTCC),p.Leu221Argfs*4,MLCL/CL elevated,,,Ref. 70 (Fam 13),,,9-10,
300,Exon 9,X:153648582_96,X:154420243_56,Frameshift,Null,c.678_691del14,p.Tyr227Trpfs*79,,,,Ref. 66,,,9-9,
301,Exon 9,X:153648584,X:154420245,Nonsense,Null,c.680dupA,p.Tyr227*,,,,Ref. 83; Ref.136 (Pat. 16),ClinVar,,9-13,
302,Exon 9,X:153648588_89,X:154420249_50,Frameshift,Null,c.684_685insC, p.Arg230Profs*81 or  p.Phe227_Pro228fs*81  ,,,,Ref. 93,,,9-12,
303,Exon 9,X:153648590_94,X:154420251_55,Frameshift,Null,c.686_690delCCCGC,p.Pro229Leufs*79,,,,Ref. 78,,,9-11,
304,Exon 9,X:153648592,X:154420253,Frameshift,Null,c.688delC  ,p.Arg230Alafs*9,,,,Ref. 3 (Pat. 12); Ref. 28 (Pat.1)  ,,,9-3,
305,Exon 9,X:153648592,X:154420253,Frameshift,Null,c.688delC  ,p.Arg230Alafs*9,,,,Ref. 83,ClinVar,,9-16,
306,Exon 9,X:153648598,X:154420253,Nonsense,Null,c.694G>T   ,p.Gly232*,,,,Ref. 15   ,,,9-4,
307,Exon 9,X:153648601,X:154420262,Nonsense,Null,c.697C>T ,p.Gln233*,MLCL/CL elevated,,,Ref. 3 (Pat. 13); Ref. 27 (Pat. 1); Ref. 106; Ref. 115,,,9-5,
308,Exon 9,X:153648601,X:154420262,Nonsense,Null,c.697C>T   ,p.Gln233*,,,,Ref. 15  ,,,9-6,
309,Exon 9,X:153648601,X:154420262,Nonsense,Null,c.697C>T  ,p.Gln233*,,,,Ref. 83,ClinVar,,9-14,
310,Intron 9,X:153648604,X:154420265,Splicing/Frameshift,,c.699+1G>T ,r.[647_699del]; p.Gly215Glufs*104,MLCL/CL elevated,,confirmed mRNA: exon 9 skipped,Ref. 4; Ref. 21 (Pat. 14); Ref. 74; Ref. 115,,,9-a,
311,Intron 9,X:153648604,X:154420265,Splicing,,c.699+1G>A  ,r.spl,,,,Ref. 83,ClinVar Nov 2016,,9-e,
312,Intron 9,X:153648995,X:154420656,Splicing,,c.700-2A>C ,r.spl   ,MLCL/CL elevated,,,Ref. 29,,,9-b,
313,Intron 9,X:153648996,X:154420657,Splicing,,c.700-1G>A ,r.spl,,,,"Ref. 37, ( Pat. 2009-a); Ref. 83  ",ClinVar Sept 2012,,9-c,
314,Intron 9,X:153648996,X:154420657,Splicing,,c.700-1G>A ,r.spl,MLCL/CL elevated,,,Ref. 70 (Fam 14); Ref. 83 ,,,9-d,
315,Intron 9,X:153648996,X:154420657,Splicing,,c.700-1G>A ,r.spl   ,,,,Ref. 20,,"+ variants in TCAP, TTN,DSP, MYBPC3",9-f,
316,Exon 10,X:153648999_9000,X:154420661,Frameshift,Null,c.703dupA,p.Ile235Asnfs*76,MLCL/CL elevated,,  mRNA sequenced,Ref. 4; Ref. 21 (Pat. 14); Ref. 74; Ref. 115,,,10-1,
317,Exon 10,X: 153649005-153649006,X: 154420666-154420667,Frameshift,Null,c.710_711delTG,p.Val237Alafs*73,,5.0,,Ref. 36,,,10-2,
318,Exon 10,X: 153649005-153649006,X: 154420666-154420667,Frameshift,Null,c.710_711delTG,p.Val237Alafs*73,,5.0,,Ref.37 (Pat. 2011-b);  Ref. 83,ClinVar,,10-3,
319,Exon 10,X:153649007_8,X:154420668_9,Frameshift,Null,c.710_711delTG,p.Val237Alafs*73,,5.0,,Ref. 97 (Pat. BTHS 4),,,10-23,
320,Exon 10,X:153649015,X:154420676,Missense,,c.718G>A ,p.Gly240Arg,,5.0,SIFT 0; PPH 0.999.  ,Ref. 2 (Pat. SWH); Ref. 83 ,ClinVar Oct 1997,,10-4,
321,Exon 10,X:153649015,X:154420676,Missense,,c.718G>A ,p.Gly240Arg,,5.0,SIFT 0; PPH 0.999.  ,Ref. 2 (Pat. DF); Ref. 86; Ref. 83 ,,,10-20,
322,Exon 10,X:153649015,X:154420676,Missense,,c.718G>A ,p.Gly240Arg,,5.0,SIFT 0; PPH 0.999.  ,Ref. 11,,,10-5,
323,Exon 10,X:153649015 ,X:154420676,Missense,,c.718G>A ,p.Gly240Arg,CL reduced,5.0,SIFT 0; PPH 0.999.  ,Ref. 4; Ref. 21 (Pat. 19),,,10-6,
324,Exon 10,X:153649015,X:154420676,Missense,,c.718G>A ,p.Gly240Arg,CL reduced,5.0,SIFT 0; PPH 0.999.  ,Ref. 20,,,10-7,
325,Exon 10,X:153649015,X:154420676,Missense,,c.718G>A ,p.Gly240Arg,,5.0,SIFT 0; PPH 0.999.  ,Ref. 56,,,10-19,
326,Exon 10,X:153649015,X:154420676,Missense,,c.718G>A ,p.Gly240Arg,,5.0,SIFT 0; PPH 0.999.  ,Ref. 86,,,10-24,
327,Exon 10,X:153649015,X:154420676,Missense,,c.718G>A ,p.Gly240Arg,,5.0,SIFT 0; PPH 0.999.  ,Ref. 102 (Pat 13),,,10-26,
328,Exon 10,X:153649015,X:154420676,Missense,,c.718G>C  ,p.Gly240Arg,,5.0,SIFT 0; PPH 0.999.  ,Ref. 62; Ref. 37 (Pat. 2011-c),,,10-14,
329,Exon 10,X:153649015,X:154420676,Missense,,c.718G>A  ,p.Gly240Arg,,5.0,SIFT 0; PPH 0.999.  ,Ref. 108,,,10-27,
330,Exon 10,X:153649015,X:154420676,Missense,,c.718G>A  ,p.Gly240Arg,,5.0,SIFT 0; PPH 0.999.  ,Ref. 83,ClinVar,,10-28,
331,Exon 10,X:153649015,X:154420676,Missense,,c.718G>A  ,p.Gly240Arg,,5.0,SIFT 0; PPH 0.999.  ,Ref. 83,ClinVar,,10-30,
332,Exon 10,X:153649015,X:154420676,Missense,,c.718G>A  ,p.Gly240Arg,,5.0,SIFT 0; PPH 0.999.  ,Ref. 83,ClinVar,,10-31,
333,Exon 10,X:153649015,X:154420676,Missense,,c.718G>A  ,p.Gly240Arg,,5.0,SIFT 0; PPH 0.999.  ,Ref. 20,,,10-36,
334,Exon 10,X:153649016_153649024,X:154420677_154420705,Deletion-Insertion,Null,c.719_727delinsAGA,p.Gly240Phe243delinsGlu ile,,5.0,,Ref. 20,,,10-37,
335,Exon 10,X:153649022_48,X:154420703_29,Deletion (in frame),,c.725_751del,p.Pro242_Glu250del (in frame),,5.0,,Ref. 92,,,10-22,
336,Exon 10,X:153649025_34,X:154420706_15,Frameshift,Null,c.728_737del10         c.728_737delTCAGTGCCCT,p.Phe243Cysfs*21,,5.0,,Ref.124; Ref. 133,,,10-32,
337,Exon 10,X:153649032,X:154420713_14,Frameshift,Null,c.735_736insCCCT,p.Leu246Profs*66,,5.0,,Ref. 14,,,10-9,
338,Exon 10,X:153649035,X:154420716_17,Frameshift,Null,c.738_739insG,p.Pro247fs*64,,5.0,,Ref. 20,,,10-17,
339,Exon 10,X:153649044_045,X:154420725_26  ,Frameshift,Null,c.747_747delCGinsA,p.Glu250Serfs*17,,5.0,,Ref. 20,,RBM20 NM_001134363  c.1364C>T   p.Ser455Leu   rs189569984 ,10-18,
340,Exon 10,X:153649044,X:154420725_26,Frameshift,Null,c.747_748ins19CGGGCGCCGGCGGCTCTCC,p.Glu250Argfs*67,,5.0,,Ref. 4,,,10-10,
341,Exon 10,X:153649045,X:154420726,Nonsense,Null,c.748G>T  ,p.Glu250*,MLCL/CL elevated,5.0,mRNA sequenced,Ref. 4; Ref.74; Ref. 115;  Ref. 122,,,10-11,
342,Exon 10,X:153649045,X:154420726,Frameshift,Null,c.748delGinsAAA,p.Glu250fs*18,,,,Ref. 20 ,,,10-38,
343,Exon 10,X: 153649047-153649056,X:154420708-154420717,Frameshift,Null,c.754_763del,p.Leu252Argfs*12,,,,Ref. 83,ClinVar,,10-33,
344,Exon 10,X:153649070,X:154420731,Nonsense,Null,c.773C>A ,p.Ser258*,MLCL/CL elevated,,,Ref. 38  (Pat. M.09.03541),,,10-12,
345,Exon 10,X:153649070,X:154420731,Nonsense,Null,c.773C>A,p.Ser258*,,,,Ref. 56,,,10-13,
346,Exon 10,X:153649070,X:154420731,Nonsense,Null,c.773C>A  ,p.Ser258*,,,,Ref. 83,ClinVar,,10-35,
347,Exon 10,X:153649071_72,X:154420732_33,Frameshift,Null,c.774_775insGCTCC,p.Val260Profs*9 ,,,,Ref. 20,,3 LAMA2 variants,10-25,
348,Exon 10,X: 153649070-153649071,X: 154420731-154420732,Insertion,Null,c.774_777+1dup    5 bp dup.,,,,,Ref. 83,ClinVar,,10-34,
349,Intron 10,X:153649075,X:154420736,Splicing,Null,c.777+1G>A  ,r.spl,MLCL/CL elevated,,,Ref. 4   ,,,10-a,
350,Intron 10,X:153649075,X:154420736,Splicing,,c.777+1G>A,r.spl,,,,Ref. 83,ClinVar,,10-i,
351,Intron 10,X:153649076,X:154420737,Splicing/Deletion,,c.777+2T>A  ,r.[700_777del]; p.Lys234_Ala259del,,,mRNA tested: exon 10 skipped. ,Ref. 6 (Pat. BSL); Ref. 34   ,,,10-b,
352,Intron 10,X:153649244,X:154420905,Splicing,Null,c.778-63_51del,r.spl,,,,Ref. 15,,,10-d,
353,Intron 10,X:153649218-153649235,X:154420879-154420896,Deletion-Insertion,,c.778-24_778-7delinsA,,,,,Ref. 83,ClinVar,,10-k,
354,Intron 10,X:153649218-153649235,X:154420879-154420896,Deletion-Insertion,,c.778-24_778-7delinsA,,,,,Ref. 83,ClinVar,,10-j,
355,Intron 10,X:153649218-153649235,X:154420879-154420896,Splicing,Null,c.778-24_778-7delinsA,r.spl,MLCL/CL elevated,,,Ref. 37; Ref. 115,ClinVar Mar 2011,,10-h,
356,Intron 10,X:153649240,X:154420901 ,Splicing,Null,c.778-2A>G  ,r.spl,,,,Ref. 4  ,,,10-c,
357,Intron 10,X:153649240,X:154420901 ,Splicing,Null,c.778-2A>G   ,r.spl    ,,,,Ref. 20; Ref. 83,ClinVar Feb 2016,"NEXN NM_144573, c.1788T>G, p.Ser596Arg, VUS ;   rs199738750",10-f,
358,Intron 10,X:153649245,X:154420906,Splicing,Null,c.778-1G>T,r.spl,MLCL/CL elevated,,,Ref. 70 (Fam 16),,,10-e,
359,Exon 11,X:153649262,X:154420923,Frameshift,Null,c.798-801delGACG,p.Asp268Serfs*9,,,,Ref. 39   ,,,11-1,
360,Exon 11,X:153649264,X:154420925,Missense,,c.800C>A  ,p.Thr267Lys,,,SIFT not tolerated,Ref. 90,,,11-12,
361,Exon 11,X:153649264_82,X:154420925_43,Frameshift,Null,c.800_818delinsGGG,p.Thr267Argfs*6,,,,Ref. 4,,,11-11,
362,Exon 11,X:153649275,X:154420936,Nonsense,Null,c.811C>T,p.Gln271*,,,,Ref. 83,ClinVar,,11-15,
363,Exon 11,X:153649275,X:154420936,Nonsense,Null,c.811C>T,p.Gln271*,,,,Ref. 83,ClinVar,,11-19,
364,Exon 11,X:153649285 _288  ,X:154420946_949,Frameshift,Null,"c.821_824del,", p.Ile274Lysfs*7,,,,Ref. 20,,,11-20,
365,Exon 11,X:153649287  ,X:154420948,Nonsense,Null,c.823C>T  ,p.Gln275*,,,,Ref. 37 (Pat. 2008-b); Ref. 83 ,ClinVar,,11-3,
366,Exon 11,X:153649287  ,X:154420948,Frameshift,Null,c.823insTC,p.Gln275Serfs*4,,,,Ref. 133,,,11-16,
367,Exon 11,X:153649300,X:154420961,Frameshift,Null,c.836delC                          (reported as NM_181312.3 ∆7 var :c.794delC;  p.Thr265Ilefs) ,p.Thr279 Ilefs*60 ,,,,Ref. 83  ,ClinVar 2017,,11-13,
368,Exon 11,X:153649301,X:154420962,Frameshift,Null,c.837_838delTC,p.Gln280Glyfs*30,MLCL/CL elevated,,,Ref. 30; Ref. 47,,,11-4,
369,Exon 11,X:153649305,X:154420966,Frameshift,Null,c.841delG,p.Ala281Glnfs*58,,,,Ref.136 (Pat.18),,,11-18,
370,Exon 11,X:153649337,X:154420998_9,Frameshift,Null,c.873_874insCCTGG,p.Arg292Leufs*49,MLCL/CL elevated,,confirmed in mRNA,Ref.4; Ref. 19; Ref. 74; Ref. 115  ,,,11-5,
371,Exon 11,X:153649337,X:154420998,Frameshift,Null,c.873delG,p.Arg292Aspfs*47,,,,Ref. 24  ,,,11-6,
372,Exon 11,X:153649337,X:154420998,Frameshift,Null,c.873delG,p.Arg292Aspfs*47,,,,Ref. 133,,,11-17,
373,No Mutation,,,,,,,MLCL/CL elevated,,,Ref. 70 (Fam 15),,,N-1,
374,No Mutation,,,,,,,,,,Ref. 97 (Pat. BTHS 6),,,N-2,
375,Large Deletion,,,Deletion,Null,c.(461-?)_(879+?)del,Ex6_Ex11del,,,,Ref. 4,,,D-1,
376,Large Deletion,,,Deletion,Null,c.(?-265)_(879+?)del,complete deletion,,,,Ref. 4,,,D-2,
377,Large Deletion,,,Deletion,Null,c.(239-?)_(460+?)del,Ex3_Ex5del,,,,Ref. 20,,,D-3,
378,Large Deletion,,,Deletion,Null,c.(1-?)_(370+?)del,Ex1_Ex4del    p=0   ,,,,Ref. 20,,,D-4,
379,Large Deletion,,,Deletion,Null,c.(778_879+?)del,Ex11_3'UTRdel,,,,Ref. 4,,,D-5,
380,Large Deletion,,,Deletion,Null,"c.-1,100-+12,600del",complete deletion,,,,Ref. 43,,,D-6,
381,Large Deletion,,,Deletion,Null,incomplete description,deletion,,,,Ref. 20,,,D-7,
382,Large Deletion,,,Deletion,Null,Ex1_Ex4del,"Ex1_Ex4del, p=0  X:153640181 - 153641904 (GRCh37)",MLCL/CL elevated,,,Ref. 115,,,D-24,
383,Large Deletion,,,Deletion,Null,Ex1_Ex4del,"Ex1_Ex4del, p=0  X:153640181 - 153641904 (GRCh37)",,,,Ref. 37 (Pat. 2010-a); Ref. 115,,,D-10,
384,Large Deletion,,,Deletion,Null,Ex1_Ex5 del,Ex1_Ex5 del,,,,Ref. 20,,,D-8,
385,Large Deletion,,,Deletion,Null,Ex1_Ex5 del,Ex1_Ex5 del,,,,Ref. 20,,,D-19,
386,Large Deletion,,,Deletion,Null,Ex1_Ex5 del,Ex1_Ex5 del,MLCL/CL elevated,,,Ref. 20; Ref. 115,,,D-20,
387,Large Deletion,,,Deletion,Null,Ex1_Ex5del,Ex1_Ex5del ,,,,Ref. 20,,"DMD NM_004006. c.6463C>T p.Arg2155Trp, Benign/likely benign  & 6 other DMD SNPs. ",D-11,
388,Large Deletion,,,Deletion,Null,Ex1_Ex5del,X: 153639844-153642537;  2694 bp del,,,,Ref. 83,ClinVar,,D-25,
389,Large Deletion,,,Deletion,Null,Ex1_Ex5del,X:153630252-153642726,,,, Ref 20,,,D-26,
390,Large Deletion,,,Deletion,Null,Ex3_Ex11 del,Ex3_Ex11 del,,,,Ref. 20,,,D-23,
391,Large Deletion,,,Deletion,Null,c.(460+1_461-1)_(699+1__700-1)del,Ex6_Ex9del,,,,Ref.141,,,D-29,
392,Large Deletion,,,Deletion,Null,"c.460+357_c. 879+1,979 del",Ex6_Ex11,MLCL/CL elevated,,,Ref. 66,,,D-12,
393,Large Deletion,,,Deletion,Null,c.460+2103_2141del38;  c.460+2255_c.812del,Ex6_Ex11,,,,Ref. 66,,,D-13,
394,Large Deletion,,,Deletion,Null,Ex6_Ex11del,Ex6_Ex11del,MLCL/CL elevated,,,Ref. 70 (Fam 7),,,D-16,
395,Large Deletion,,,Deletion,Null,Ex6_Ex11del,Ex6_Ex11del,MLCL/CL elevated,,,Ref. 70 (Fam 8),,,D-17,
396,Large Deletion,,,Deletion,Null,Ex6_Ex11del,"X: 153647872-153650075;  2,204 bp del",,,,Ref. 83,ClinVar,,D-27,
397,Large Deletion,,,Deletion,Null,Ex6_Ex11del,Ex6_Ex11del,ONE BROTHER TESTED: MLCL/CL elevated,,,Ref. 20,,,D-30,Only one brother with MLCL data
398,Large Deletion,,,Deletion,Null,Ex8_Ex9 del,Ex8_Ex9 del,MLCL/CL elevated,,,Ref. 70 (Fam 12),,,D-18,
399,Large Deletion,,,Deletion,Null,Ex9 del,X:153648475-153648608,,,,Ref. 109,,,D-62,
400,Large Deletion,,,Deletion,Null,incomplete description,TAZ gene deletion,,,,Ref. 64,,,D-14,
401,Large Deletion,,,Deletion,Null,partial deletion,incomplete description,MLCL/CL elevated,,,"Ref. 70, Ref. 85",,,D-21,
402,Large Deletion,,,Deletion,Null,NM_006730.2(DNASE1L1)c.-517_NM_000116.3(TAZ)c.461-3518delinsKP_123427 ,Ex1_Ex5 del,MLCL/CL elevated,,,Ref. 81,,,D-22a,brother of below
403,Large Deletion,,,Deletion,Null,NM_000116.3(TAZ)c.-72_109+51del,Ex 1 del,,,,Ref. 81,,,D-22b,brother of above
404,Large Deletion,,,Deletion,Null,complete deletion ,X: 153640161-153649363 ,,,,Ref. 83,ClinVar,,D-28,
405,Chromosomal Changes,,,,,Ring X with Xq28 deletion mosaic + deletion TAZ exons 1-5.,,MLCL/CL elevated,,,Ref. 44; Ref. 70,,,D-15,
