,Location,Location in  Genome release 37 (hg19),Location in Genome release 38 (hg38),DNA Modifications,Protein or mRNA Variants,References & population frequency,Source,SIFT prediction,PolyPhen2 prediction,Amino acid conservation & comments,Additional variants in other genes,Notes
0,Exon 1,X:153640193,X:154411856,c.13G>T,p.Val5Leu,gnomad exomes; Ashk Jewish female  5/99652,ClinVar; LMM 2011; GeneDX 2017;  Invitae 2020; Ambry,tolerated; 0.14,0.984,Vertebrates 100% Val;  invertebrates have Ile,,
1,Exon 1,X:153640197_198,X:154411860_861,c.17_18insA,fs*,Ref. 57,,,,,,Not in ClinVar
2,Exon 1,X:153640207,X:154411870,c.27C>G,p.Phe9Leu,,ClinVar; Invitae 2020; Ambry 2020,deleterious,benign,vertebrates 100%,,Not in ExAC
3,Exon 1,X:153640209,X:154411872,c.29C>G,p.Pro10Arg,Ref. 125; Ref. 126,"ClinVar Jul 2019; Klaasen lab 2019, Charite Univ Medicine; CeGaT; Shahid Beheshti Univ Med Sci  2020",deleterious,,vertebrates 100%,,
4,Exon 1,"X:153,640,218",X:154411881,c.38C>T,p.Pro13Leu,gnomad exomes; East Asian male 1/54864 ,,deleterious,possibly damaging,vertebrates 98 %,,Not in ClinVar
5,Exon 1,X:153640218,X:154411881,c.38C>G,p.Pro13Arg,gnomad exomes; Latino female 1/105864,,tolerated,benign,vertebrates 98 %,,Not in ClinVar
6,Exon 1,X:153640221,X:154411884,c.41C>A,p.Pro14Gln,,ClinVar; GeneDX 2022,tolerated,,vertebrates  mammals high conserv,,
7,Exon 1,X:153640227,X:154411890,c.47C>G,p.Thr16Ser,,ClinVar Feb 2020; Invitae 2019,tolerated,benign,primates & rodents 100%; others semi-cons,,
8,Exon 1,X:153640229,X:154411892,c.49T>C,p.Trp17Arg,,ClinVar; Illumina Jan 2018,deleterious,,vertebrates 97 %,,3 subjects from Illumina
9,Exon 1,X:153640231,X:154411894,c.51G>T       ,p.Trp17Cys,, ClinVar; Invitae 2018,deleterious,Possibly damaging,vertebrates 97 %,,
10,Exon 1,X:153640235,X:154411898,c.55C>A,p.Leu19Met,gnomad genomes; Eur female 1/73852,,deleterious,prob damaging,vertebrates 83%,,
11,Exon 1,X:153640247,X:154411910,c.67G>A,p.Val23Ile,,ClinVar; Ambry 2022,all tolerated,,mammalian vertebrates v. high conserv.;  below are less,,
12,Exon 1,X:153640269,X:154411932,c.89C>T,p.Thr30Ile,,ClinVar; Ambry 2022,tolerated,benign,vertebrates 90 %,,Not in ExAC
13,intron 1,X:153640417,X:154412080,c.110-6C>G,,,ClinVar; GeneDx,,,,,germline
14,Exon 2,X:153640437,X:154412100,c.124C>A,p.Leu42Met,gnomad genomes; Eur female 1/73868,,deleterious,probably damaging,vertebrates 98 %,,
15,Exon 2,X:153640447,X:154412110,c.134A>G,p.His45Arg,gnomad exomes; South Asian male 1/62524,,tolerated   ,benign,Vertebrates: 96%,,
16,Exon 2,X:153640455,X:154412118,c.142G>A,p.Glu48Lys,,ClinVar; Ambry 2022,tolerated,,Mammals are Glu; non-mammalian verts are not so high,,
17,Exon 2,X:153640462,X: 154412125,c.149T>A,p.Leu50Gln,,"ClinVar; Victorian Clinical Genetics Services, Murdoch Childrens Research Institute 2019 ",none tolerated,,,,germline
18,Exon 2,X:153640467,X:154412130,c.154G>A,p.Glu52Lys,gnomad exomes; male 1/59533,"ClinVar; Ctr Human Genet, Bayern 2016;  Invitae 2019; GeneDx 2021",tolerated,benign,Vertebrates highly conserved,,
19,Exon 2,X:153640475,X:154412138,c.162C>G,p.Ile54Met,gnomad genomes; Eur female 1/73858,,deleterious,probably damaging,vertebrates 83%,,
20,Exon 2,X:153640497,X:154412160,c.184C>T,p.Pro62Ser,,ClinVar; Invitae 2020,tolerated,,all vertebrayes highly conserved,,
21,Exon 2,,X:154412166,c.190A>G,p.Ile64Val,gnomad genomes; Eur female 1/73836,,tolerated,probably damaging,vertebrates 87 %,,
22,Exon 2,X:153640503,X:154412166,c.190A>C,p.Ile64Leu,,ClinVar; Invitae 2020,tolerated,,vertebrates 87 %,,
23,Exon 2,X:153640518,X:154412181,c.205C>A,p.His69Asn,,ClinVar; Invitae Mar 2020,none tolerated,Probably Damaging,Mammals conserved;  non-mammals semi-cons,,
24,Exon 2,X:153640523,X:154412186,c.210G>C,p.Gln70His,gnomad genomes; Eur non-Fin female 1/73856,ClinVar; Invitae 2020,tolerated,probably damaging,"Q highly conserved in mammals; other vertebrates, except a few birds",,
25,Exon 2,X:153640525,X:154412188,c.212C>T,p.Ser71Phe,,ClinVar; Baylor Genetics 2020,tolerated,,Serine very highly conserved in all,,
26,Exon 2,X:153640540,X:154412203,c.227C>T ,"p.Pro76Leu  (see also Pro76Arg, path)",,ClinVar; Invitae 2019,may be tolerated,probably damaging,vertebrates 100%,,
27,Intron 2,X:153640557,X:154412220,c.238+6C>T,,,ClinVar 2021; Invitae 2020,,,,,
28,Intron 2,X:153640556,X:154412219,c.238+5C>T,r.spl,,ClinVar; GeneDx 2019,,,,,
29,Intron 2,X:153641541,,c.239-3 T>A,,gnomad exomes;  S. Asian male 1/67752,,,,,,
30,Exon 3,X:153641558,X:154413221,c.253C>T   ,p.Arg85Cys,"gnomad exomes; (Eur, Latino)  female 2/115340; male 1/67748; ExAC 0.004%",ClinVar; Invitae 2020,deleterious; 0,probably-damaging:0.999,Vertebrates highly conserved,,
31,Exon 3,X:153641559 ,X:154413222,c.254G>A,p.Arg85His,gnomad exomes & gen; (African) male 1/67746; (Eur non-Finn) female 1/115350,"Genome Diagnostics Laboratory, GDL-UMCU, Utrecht 2021; Clinical Gen DNA and cytogen Diagn Lab, Erasmus MC, Groningen 2022",tolerated,,Vertebrates highly conserved,,
32,Exon 3,X:153641573,X:154413236,c.268C>A,p.Leu90Met,gnomad exomes;  female 1/115298,,tolerated,possibly damaging,"Mammals, birds & reptiles 100% Leu; amphib, fish mixed ",,
33,Intron 3,X:153641592,X:154413255,c.284+3G>C,,,ClinVar 2018; EGL Genetic Diagnostics,,,,,
34,Intron 3,X:153641593,X:154413256,c.284+4A>T,,,ClinVar; Invitae 2018,,,,,
35,Exon 4,X:153641833,X:154413496,c.299C>T,p.Ala100Val,,ClinVar; Invitae 2018; Mayo Clinic 2020; Ambry,tolerated,,Mammals 100 %; other vertebrates semi-cons.,,
36,Exon 4,X:153641859 ,X:154413522,c.325C>T,p.His109Tyr,gnomad exomes; Eur non-Finn female 2/115500,ClinVar; GeneDx 2017,tolerated,benign,vertebrates highly conserved,,
37,Exon 4,X:153641865,X:154413528,c.331C>T,p.His111Tyr,gnomad exomes & genomes; Eur non-Finn 6/92637,ClinVar; LMM 2013;  GeneDx 2021;  Invitae 2018;  Ambry 2022,all tolerated,,His 100 % in primates; H or R other mammals; fish no + charged aas, ,
38,Exon 4,X:153641868,X:154413531,c.334T>C ,p.Phe112Leu,,ClinVar   Invitae  2020  SCV001559957.1,tolerated,,, ,
39,Exon 4,X:153641869 ,X:154413532,c.335T>C,p.Phe112Ser,ExAC C=0.00000824,,deleterious,,Vertebrates & arthropods: 100% cons; non-arthro inverts: highly  cons,,
40,Intron 4,X:153641904,X:154413567,c.370G>A,r.spl or p.Gly124Arg,, ClinVar; Ambry 2022,none tolerated,,,,
41,Intron 4,X:153642425,X:154414088,c.371-13C>G ,,Ref. 37; Ref.83 ,ClinVar 2011; LMM 2012,,,,,
42,Intron 4,X:153642432,X:154414095,c.371-6C>A,,,"ClinVar; CHEO, Ontario 2017  
SCV000902045.1",VUS,,,,
43,Intron 4,X:153642432,X:154414095,c.371-6C>A,,,"ClinVar, Invitae 2020",Benign,,,,
44,Intron 4,X:153642432,X:154414095,c.371-6C>A,,,ClinVar; Groningen/Erasmus 2021-2022,Benign,,,,
45,Exon 5,X:153642447,X:154414110,c.380T>G,p.Phe127Cys,,ClinVar; Invitae 2019,tolerated,,Should only manifest in FL variant,,
46,Exon 5,X:153642452,X:154414115,c.385C>T,p.Gln129Ter,gnomad exomes; Latino female 1/115360,,Â PHYLOCSF_WEAK,p. LOF high confidence,Should only manifest in FL variant,,
47,Exon 5  ,X:153642470,X:154414128,c.403A>G,p.Lys135Glu,gnomad exomes; Afr male 1/13080,ClinVar; Invitae Jan 2020,tolerated; low confidence,benign,Should only manifest in FL variant,,
48,Exon 5  ,X:153642474,X:154414137,c.407G>T,Gly136Val,gnomad; Latino/admixed 3/27359,ClinVar; GeneDx 2017,all tolerated,,Should only manifest in FL variant,,
49,Exon 5  ,X:153642476,X:154414139,c.409G>A,p.Val137Ile,,ClinVar; Invitae 2019,tolerated,benign,Should only manifest in FL variant,,
50,Exon 5,X:153642483,X:154414146,c.416A>T,p.Asp139Val,,ClinVar; Invitae 2018,deleterious,PolyPhen2  benign,Should only manifest in FL variant,,
51,Exon 5,X:154414148_52,X:153642485,c.418_422del ACAGGinsA,p.Arg142ThrfsX41,gnomad exomes & gen; Eur (non-Finn) male 1/66860 ,ClinVar; GeneDx 2017; Invitae 2020,PHYLOCSF_WEAK,p.LOF high,Should only manifest in FL variant,,
52,Exon 5,X:153642486,X:154414149,c.419C>T,p.Thr140Ile,gnomad exomes;  Eur non-Finn 1/115374 .  Asian;  ,ClinVar 2014; LMM 2014; Invitae 2020, Tolerated; 0.36; low confidence,benign  0,Should only manifest in FL variant,,
53,Exon 5,X:153642492_95  ,X:154414155_58,c.425_428delGGCA  or  c.419_422delCAGG  microsatellite deletion,p.Arg142ThrfsX41,GnomAd exomes; Eur (non-Finn) male 1/66860,ClinVar 2017; GeneDX 2017,,,Should only manifest in FL variant,,Likely path. female w Ehlers Danlos phenotype
54,Exon 5,X:153642497,X:154414160,c.430A>G,p.Met144Val,,ClinVar; Invitae 2019,tolerated,benign,Should only manifest in FL variant,,
55,Exon 5,X:153642504,X:154414167,c.437G>T,p.Gly146Val,gnomad exomes & genomes; 2XX Afr Amer,ClinVar; Invitae 2019,tolerated,,Should only manifest in FL variant,,
56,Exon 5,X: 153642512-153642516,X:154414175-154414179,c.447_451del,p.Arg151Glufs*50,,ClinVar; AiLife Diagnostics 2021,,,,,could it be pathogenic?
57,Exon 5,X:153642527,X:154414190,c.460G>A,p.Gly154Arg,,ClinVar; Invitae 2019,tolerated,,Should only manifest in FL variant,,
58,Exon 6,X:153647887,X:154419548,c.466G>A,p.Gly156Ser,gnomad exomes; Eur (non-Finn) female 1/115560,,deleterious ,probably damaging,Vertebrates & invertebrates 100% Gly; ,,Not in ClinVar
59,Exon 6,X:153647890,X:154419551,c.469G>A,p.Val157Ile,gnomad exomes; Eur non-Finn male 1/67924,ClinVar; Invitae 2018,deleterious ,possibly damaging,Vertebrates & invertebrates 100% Val;,,
60,Exon 6,X:153647928,X:154419589,c.507C>T,p.Leu169=,gnomad exomes; Eur (non-Finn) male 1/67935,Taylor 2011,Minigene assay indicates mis-splicing,,,,"Ref: Taylor M, Cardiogenetics 2011; vol 1:e4"
61,Exon 6,X:153647944,X:154419605,c.523G>A,p.Val175Met,gnomad genomes; Latino female 1/13920,,deleterious,probably damaging,Vertebrates 99.9% Val; invertebrates conserved aas,,Not in ClinVar
62,Exon 6,X:153647956,X:154419617,c.535C>G   ,p.Pro179Ala [+MYBPC3 VUS],gnomad genomes; Eur (non-Finn) male 1/32395,ClinVar Jan 2016; LMM 2013,deleterious;  0.01 ,probably damaging 0.998,vertebrates and inverts 100%,"MYBPC3 ClinVar Jan 2016  VUS   NM_000256 c.355G>A, p.Glu119Lys;  rs397516025 - & two TTN VUSs",
63,Exon 6,X:153647956,X:154419617,c.535C>G   ,p.Pro179Ala ,gnomad exomes & genomic; Eur (non-Finn) male 2/75891,ClinVar; Illumina 2018; Invitae 2017,deleterious,probably damaging,vertebrates and inverts 100%,,4 subjects from Illumina
64,Intron 6,X:153647965,X:154419626,c.541+3C>G,,,ClinVar; Ambry 2016,Splicing region,,,,insufficient evidence
65,Intron 6,X:153647967,X:154419628,c.541+5G>A,,,ClinVar; Invitae 2020,Splicing region,,,,
66,Intron 6,X:153647970,X:154419631,c.541+8G>A,,gnomad exomes; South Asian male 1/67896,,Splicing region,,,,
67,Intron 6,X:153648041,X:154419702,c.542-3C>T,,gnomad exomes; 1 Eur (non-Finn),ClinVar; Ambry 2020,Splicing region,,,,
68,Intron 6,X:153648041,X:154419702,c.542-3C>T,,gnomad exomes; Eur non-Finn  female 1/115564,ClinVar; Ambry 2020,Splicing region,,,,
69,Exon 7,X:153648044,X:154419705,c.542G>A,p.Gly181Glu,,ClinVar; Invitae 2020,none tolerated,,,,
70,Exon 7,X:153648064,X:154419725,c.562G>A  ,p.Glu188Lys,"gnomad exomes Afr female 3/13,151",ClinVar 2019; Invitae 2018; Ambry 2022,Tolerated?; 0.28   ,benign, vertebrates 100 % cons except 4 asp,,
71,Exon 7,X:153648073,X:154419724,c.571C>T,p.Arg191Cys,gnomad exomes & gen;  Eur (non-Finn) female 1/115556,,deleterious,possibly damaging,100% conserved vertebrates & invertebrates,,Not in ClinVar
72,Exon 7,X:153648074,X:154419735,c.572G>A,p.Arg191His,,ClinVar 2016; GeneDx 2015,Tolerated,,100% conserved vertebrates & invertebrates,,
73,Exon 7,X:153648078,X:154419739,c.576C>G,p.Phe192Leu,gnomad exomes; East Asian male 1/67856; female 1/115554,ClinVar; Invitae 2018,Tolerated,benign,"100% conserved mammals, birds,reptiles. Amphibians & fish Leucine",,
74,Exon 7,X:153648085,X:154419746,c.583G>A,p.Gly195Arg,,ClinVar 2016; Invitae 2016; Prev Genet 2013 ,Only Gly tolerated,,100% conserved vertebrates & invertebrates,,
75,Intron 7,X:153648364,X:154420025,c.584-7T>C,,gnomad exomes; Latino female 5/115560; male 3/67942 ,ClinVar; LMM 2012,,,,,
76,Intron 7,X:153648363,X:154420024,c.584-7delT,,gnomad exomes & genomic; Afr & Latino male 6/75719; female 6/129470,ClinVar; Invitae 2020; GeneDx 2021,,likely benign,,,likely benign
77,Intron 7,X:153648362,X:154420023,c.584-9C>A,,,ClinVar; Invitae 2020,,,,,
78,Exon 8,X:153648380,X:154420041,c.593G>A    ,p.Arg198His,gnomad exomes; Afr male 1/67940,ClinVar; Invitae 2020,deleterious,probably-damaging:0.989,Vertebrates 100%;  inverts have 2 Asn,,
79,Exon 8,X:153648393,X:154420054,c.606G>C,p.Glu202Asp,gnomad exomes; South Asian male 2/67943; female 2/115562,ClinVar 2018; Invitae 2019,Tolerated; 0.18,0.63,Vertebrates 100%;  inverts have 5 Asp,,
80,Exon 8,X:153648400 ,X:154420061,c.613C>T,p.Leu205Phe,Ref. 57,Clin Var 2020; Ambry,Tolerated; 0.05,0.999,Mammals 100%; other vert lower %,,SNP MAF  T=0.0003/1
81,Exon 8,X:153648415,X:154420076,c.628C>G,p.Leu210Val,gnomad exomes; South Asian male 2/67931; female 2/115562,,Tolerated; 0.88,0.998,Vertebrates 100% except 2 reptiles,,Not in ClinVar
82,Exon 8,X:153648419,X:154420080,c.632C>A,p.Pro211His,,"ClinVar 2022; Dept. of Clin Genet, Univ Hosp Copenhagen 2021",deleterious,,,,
83,Exon 8,X:153648432,X:154420113,c.645C>T,p.Val215=,gnomad exomes; Asian & Eur (non-Finn) female 2/115558; male 1/67911,Ambry 2020,tolerated,benign,,,splicing region
84,Intron 8,X:154420206,X:154420206,c.647-6C>T,r.spl?,,ClinVar; Illumina,Splicing region,,,,
85,Exon 9,X:153648551,X:154420212,c.647G>A,p.Gly216Glu,,ClinVar 2018; Invitae,,,,,3 subjects from Illumina likely related
86,Exon 9,X:153648561,X:154420222,c.657C>G,p.Asp219Glu,gnomad exomes & genomic; Eur (non-Finn) male 2/75514,ClinVar; Montreal Heart Inst 2019; Invitae 2020,tolerated,benign,Vertebrates 100%;  inverts not cons,,
87,Exon 9,X:153648571,X:154420232,c.667A>C,p.Asn223His,gnomad exomes; Eur (non-Finn) male 1/67897,,deleterious,benign,Vertebrates 100%;  inverts 100% except 2,,Not in ClinVar
88,Exon 9  ,X:153648578,X:154420239,c.674C>T    ,p.Pro225Leu,"gnomad exomes; Eur-non-Finn, South Asian, female 4/115562; male 2/67892",ClinVar; GeneDx  2022;  Invitae 2018;  Ambry 2021,None tolerated;  0.01,Possibly damaging: 0.918??  Benign??  ,Mammals highly conserved,,
89,Exon 9,X:153648583,X:154420244,c.679T>C,p.Tyr227His,gnomad exomes; Eur non-Finn male 1/67884,,deleterious ,possibly damaging 0.942,Vertebrates & inverts 100%,,Not in ClinVar
90,Exon 9,X:153648586,X:154420247,c.682T>C,p.Phe228Leu,gnomad exomes; Eur non-Finn male 1/183436,,tolerated,benign,Mammals 100.; Other verts different,,Not in ClinVar
91,Exon 9,X:153648593,X:154420254,c.689G>A,p.Arg230His,"gnomad exomes & genomic; Ashk Jew, Afri, female 2/129476",ClinVar; Invitae 2019,tolerated ,benign,Mammals 100%.  Other verts highly conserved,,
92,Intron 9,X:153648608,X:154420269,c.699+5G>A,r.spl?,,ClinVar; Montreal Heart Inst. 2019,,,,,
93,Intron 9,X:153648992,X:154420653,c.700-5C>T,r.spl?,gnomad South Asian male 1/183393  ,ClinVar; Blueprint Genet. 2015; Invitae 2019,,,,,
94,Exon 10,X:153648999,X:154420660,c.702A>G  Splicing region,p.Lys234=,gnomad exomes; Latino male 1/67876,,Splicing region,,,,Not in ClinVar
95,Exon 10,X:153649039,X:154420700,c.742G>A,p.Val248Ile,gnomad genomic; Afr female 1/13908,,tolerated,benign,"Mammals 100%; other vertebrates: Leu, Val, Ile ",,Not in ClinVar
96,Exon 10,X:153649048,X:154420709,c.751C>G, p.Arg251Gly,,ClinVar 2020; Invitae 2019,likely tolerated,likely tolerated,mammals highly conserved,,
97,Exon 10,X:153649048,X:154420709,c.751C>T,p.Arg251Trp,"gnomad exomes & genomic; Eur (non-Finn), Finnish, female 5/129462, male 2/75261",ClinVar  GeneDx  2014  SCV000236396.2 ;  LMM 2016  SCV000712034.2;  Invitae 2018  SCV000758744.5 ,None tolerated; 0.06,0.993,Mammals highly conserved,,
98,Exon 10,X:153649049,X:154420710,c.752G>T   ,p.Arg251Leu           {+ TNNT2 VUS],Ref. 37;  Ref.83 ,ClinVar; LMM 2012,Tolerated; 0.2,damaging,Mammals highly conserved,TNNT2  VUS  ClinVar Dec 2015  NM_001001430 c.325C>T; NP_001001430 p.His109Tyr; Allele ID 52802; rs397516460.  ,
99,Exon 10,X:153649049,X:154420710,c752G>A ,p.Arg251Gln,gnomad exomes; East Asian male 1/67903   ,,tolerated,benign,Mammals highly conserved,,Not in ClinVar
100,Exon 10,X:153649051 - 153649060,X:154420712 - 154420721,c.754_763delCTCCGGGCGG,p.Leu252Argfs*12,,ClinVar; Invitae 2017,,,"Mammals, birds, reptiles high conservn",,Classified as VUS b/c it is not known if the last 41 aas affect TAZ functio
101,Exon 10,X:153649054,X:154420715,c.757C>T,p.Arg253Trp,,ClinVar; Invitae 2019,deleterious,possibly damaging,Vertebrates highly conserved,,
102,Exon 10,X:153649055,X:154420716,c.758G>A,p.Arg253Gln,"gnomad exomes & genomic; Latino, Eur (non-Finn), female 5/129454;  male 1/75286",ClinVar; GeneDx  2016;  Invitae 2018; CHEO Ontario 2018,tolerated; unclear,benign,Vertebrates highly conserved,,
103,Exon 10,X:153649058,X:154420719,c.761C>T,p.Ala254Val,gnomad exomes & genomic; East Asian & Eur (non-Finn) female 19/129466; male 10/75329 ,CinVar; GeneDX 2017; Invitae 2020; Illumina 2018;  Utrecht 2021; Nijmegen & Maastricht 2022; Ambry,tolerated,benign,Mammals highly conserved;  other verts low conserv,,
104,Exon 10  ,X:153649060,X:154420721,c.763G>A,p.Glu255Lys,"gnomad exomes & genomic; Afr, Eur (non-Finn) male 2/75392; female 2/129460","ClinVar; GeneDx 2014; Invitae 2019; Victorian Clinical Genetics Services, Murdoch Childrens Research Institute",tolerated; unclear,benign,Mammals 100%; other verts high conserv,,
105,Exon 10  ,X:153649065,X:154420726,c.768C>G,p.Asn256Lys,,ClinVar; Invitae 2017,tolerated,"SIFT, PolyPhen-2, Align-GVGD suggest tolerated",vertebrates 122/129 cons; arthropods semi,,
106,Exon 10  ,X:153649070,X:154420731,c.773C>T,p.Ser258Leu,,ClinVar; Invitae 2020,None tolerated,,,,
107,Exon 10  ,X:153649073,X:154420734,c.776C>T,p.Ala259Val,gnomad genomic; Eur (non-Finn) female 1/13900,, all tolerated???  ,benign,Mammals 90% conserved,,Not in ClinVar
108,Intron 10,X:153649077,X:154420738,c.777+3G>A,r.spl,,ClinVar; Invitae 2019,,,,,
109,Intron 10,X:153649080,X:154420741,c.777+6T>C,Splicing region,gnomad exomes;  South Asian female 5/115528; male 1/67821,ClinVar; Invitae,,,,,
110,Exon 11  ,X:153649243,X:154420904,c.779T>G,p.Val260Gly,gnomad exomes; Eur (non-Finn) female 4/115168;  male 1/66852,ClinVar; GeneDX 2017; Invitae 2020; Ambry 2020, All tolerated; 0.37 ,benign,Mammals highly conserved; other verts low conserv,,
111,Exon 11 ,X:153649252,X:154420913,c.789G>A,p.Arg263Gln,gnomad exomes; South Asian male 1/66998,,tolerated,probably damaging,Vertebrates 100 %,,Not in ClinVar
112,Exon 11,X:153649254,X:154420915,c.790A>G  (NM_181313.3(TAZ):c.658A>G),"p.Lys264Glu  (NM_181313.3, p.Lys220Glu)",,"ClinVar 2019; Gene Dx 2017; Invitae 2017; Univ Hosp Southampton, UK 2018",Tolerated,,Vertebrates 100% cons;  inverts less cons,,
113,Exon 11,X:153649255,X:154420916,c.791A>G  ,p.Lys264Arg  (& p.Gly197Glu ),Ref. 3 (#8); Ref. 27 (#5); Ref. 67,,Tolerated,,Vertebrates 100% cons;  inverts less cons,,Not in ClinVar; Ref. 3 #8; Ref. 27 #5
114,Exon 11,X:153649258,X:154420919,c.794C>T,p.Ala265Val,,ClinVar; GeneDx 2017,All tolerated ,,Vertebrates 108/129; inverts not cons,,
115,Exon 11,X:153649260,X:154420921,c.796C>G,p.Leu266Val,gnomad genomic; Afr male 1/7654,ClinVar; GeneDx 2020,Tolerated,benirgn,"Mammals, birds 99%; other vertebrates mixed",,
116,Exon 11,X:153649264,X:154420925,c.800C>T       ACG > ATG,p.Thr267Met,,ClinVar; Ambry 2017,None tolerated,,Vertebrates 100 %;  invertebrates >99%,,
117,Exon 11,X:153649264,X:154420925,c.800C>T       ACG > ATG,p.Thr267Met,,,None tolerated,,vertebrates 100%,,NORMAL CL  in blood spots and fresh blood.  
118,Exon 11,X:153649273,X:154420934,c.809T>C,p.Ile270Thr,gnomad; Eur female 1/73814,,deleterious,probably damaging,vertebrates 80%,,Not in ClinVar
119,Exon 11,X:153649277,X:154420938,c.813A>T     ,p.Gln271His,,,None tolerated,0.997,Vertebrates highly conserved,,Not in ClinVar
120,Exon 11,X:153649308,X:154420959,c.844G>A,p.Glu282Lys,gnomad exomes; Eur (non-Finn) 1/115444,,tolerated??,possibly damaging,Mammals 100%. Other vert 90%.  ,,Not in ClinVar
121,Exon 11,X:153649313 ,X:154420974,c.849G>C,p.Gln283His,,ClinVar; Invitae 2019,likely tolerated ?,likely tolerated,Primates & rodents 100%;  other verts variable,,
122,Exon 11,X:153649314,X:154420975,c.850C>T,p.Leu284Phe,gnomad exomes; Eur (non-Finn) male 1/67181,ClinVar; GeneDx 2015,deleterious; low confidence,probably damaging,Vertebrates 100%,,
123,Exon 11   ,X:153649336,X:154420997,c.872G>A,p.Gly291Glu,gnomad exomes; South Asian female 1/115350,,tolerated; low confidence,benign,"Primates, rodents 100%.",,Not in ClinVar
124,Exon 11,X:153649338,X:154420999,c.874A>G,p.Arg292Gly,gnomad exomes; Latino female 1/115350,,deleterious; low confidence,probably damaging,mammals highly conserved; other verts not conserved,,Not in ClinVar
125,Exon 11,X:153649339,X:154421000,c.875G>A,p.Arg292Lys,gnomad; Afr female 1/73848,,deleterious; low confidence,benign,,,Not in ClinVar
